checking_balance,months_loan_duration,credit_history,purpose,amount,savings_balance,employment_duration,percent_of_income,years_at_residence,age,other_credit,housing,existing_loans_count,job,dependents,phone,default
< 0 DM,6,critical,furniture/appliances,1169,unknown,> 7 years,4,4,67,none,own,2,skilled,1,yes,no
1 - 200 DM,48,good,furniture/appliances,5951,< 100 DM,1 - 4 years,2,2,22,none,own,1,skilled,1,no,yes
unknown,12,critical,education,2096,< 100 DM,4 - 7 years,2,3,49,none,own,1,unskilled,2,no,no
< 0 DM,42,good,furniture/appliances,7882,< 100 DM,4 - 7 years,2,4,45,none,other,1,skilled,2,no,no
< 0 DM,24,poor,car,4870,< 100 DM,1 - 4 years,3,4,53,none,other,2,skilled,2,no,yes
unknown,36,good,education,9055,unknown,1 - 4 years,2,4,35,none,other,1,unskilled,2,yes,no
unknown,24,good,furniture/appliances,2835,500 - 1000 DM,> 7 years,3,4,53,none,own,1,skilled,1,no,no
1 - 200 DM,36,good,car,6948,< 100 DM,1 - 4 years,2,2,35,none,rent,1,management,1,yes,no
unknown,12,good,furniture/appliances,3059,> 1000 DM,4 - 7 years,2,4,61,none,own,1,unskilled,1,no,no
1 - 200 DM,30,critical,car,5234,< 100 DM,unemployed,4,2,28,none,own,2,management,1,no,yes
1 - 200 DM,12,good,car,1295,< 100 DM,< 1 year,3,1,25,none,rent,1,skilled,1,no,yes
< 0 DM,48,good,business,4308,< 100 DM,< 1 year,3,4,24,none,rent,1,skilled,1,no,yes
1 - 200 DM,12,good,furniture/appliances,1567,< 100 DM,1 - 4 years,1,1,22,none,own,1,skilled,1,yes,no
< 0 DM,24,critical,car,1199,< 100 DM,> 7 years,4,4,60,none,own,2,unskilled,1,no,yes
< 0 DM,15,good,car,1403,< 100 DM,1 - 4 years,2,4,28,none,rent,1,skilled,1,no,no
< 0 DM,24,good,furniture/appliances,1282,100 - 500 DM,1 - 4 years,4,2,32,none,own,1,unskilled,1,no,yes
unknown,24,critical,furniture/appliances,2424,unknown,> 7 years,4,4,53,none,own,2,skilled,1,no,no
< 0 DM,30,perfect,business,8072,unknown,< 1 year,2,3,25,bank,own,3,skilled,1,no,no
1 - 200 DM,24,good,car,12579,< 100 DM,> 7 years,4,2,44,none,other,1,management,1,yes,yes
unknown,24,good,furniture/appliances,3430,500 - 1000 DM,> 7 years,3,2,31,none,own,1,skilled,2,yes,no
unknown,9,critical,car,2134,< 100 DM,1 - 4 years,4,4,48,none,own,3,skilled,1,yes,no
< 0 DM,6,good,furniture/appliances,2647,500 - 1000 DM,1 - 4 years,2,3,44,none,rent,1,skilled,2,no,no
< 0 DM,10,critical,car,2241,< 100 DM,< 1 year,1,3,48,none,rent,2,unskilled,2,no,no
1 - 200 DM,12,critical,car,1804,100 - 500 DM,< 1 year,3,4,44,none,own,1,skilled,1,no,no
unknown,10,critical,furniture/appliances,2069,unknown,1 - 4 years,2,1,26,none,own,2,skilled,1,no,no
< 0 DM,6,good,furniture/appliances,1374,< 100 DM,1 - 4 years,1,2,36,bank,own,1,unskilled,1,yes,no
unknown,6,perfect,furniture/appliances,426,< 100 DM,> 7 years,4,4,39,none,own,1,unskilled,1,no,no
> 200 DM,12,very good,furniture/appliances,409,> 1000 DM,1 - 4 years,3,3,42,none,rent,2,skilled,1,no,no
1 - 200 DM,7,good,furniture/appliances,2415,< 100 DM,1 - 4 years,3,2,34,none,own,1,skilled,1,no,no
< 0 DM,60,poor,business,6836,< 100 DM,> 7 years,3,4,63,none,own,2,skilled,1,yes,yes
1 - 200 DM,18,good,business,1913,> 1000 DM,< 1 year,3,3,36,bank,own,1,skilled,1,yes,no
< 0 DM,24,good,furniture/appliances,4020,< 100 DM,1 - 4 years,2,2,27,store,own,1,skilled,1,no,no
1 - 200 DM,18,good,car,5866,100 - 500 DM,1 - 4 years,2,2,30,none,own,2,skilled,1,yes,no
unknown,12,critical,business,1264,unknown,> 7 years,4,4,57,none,rent,1,unskilled,1,no,no
> 200 DM,12,good,furniture/appliances,1474,< 100 DM,< 1 year,4,1,33,bank,own,1,management,1,yes,no
1 - 200 DM,45,critical,furniture/appliances,4746,< 100 DM,< 1 year,4,2,25,none,own,2,unskilled,1,no,yes
unknown,48,critical,education,6110,< 100 DM,1 - 4 years,1,3,31,bank,other,1,skilled,1,yes,no
> 200 DM,18,good,furniture/appliances,2100,< 100 DM,1 - 4 years,4,2,37,store,own,1,skilled,1,no,yes
> 200 DM,10,good,furniture/appliances,1225,< 100 DM,1 - 4 years,2,2,37,none,own,1,skilled,1,yes,no
1 - 200 DM,9,good,furniture/appliances,458,< 100 DM,1 - 4 years,4,3,24,none,own,1,skilled,1,no,no
unknown,30,good,furniture/appliances,2333,500 - 1000 DM,> 7 years,4,2,30,bank,own,1,management,1,no,no
1 - 200 DM,12,good,furniture/appliances,1158,500 - 1000 DM,1 - 4 years,3,1,26,none,own,1,skilled,1,yes,no
1 - 200 DM,18,poor,renovations,6204,< 100 DM,1 - 4 years,2,4,44,none,own,1,unskilled,2,yes,no
< 0 DM,30,critical,car,6187,100 - 500 DM,4 - 7 years,1,4,24,none,rent,2,skilled,1,no,no
< 0 DM,48,critical,car,6143,< 100 DM,> 7 years,4,4,58,store,other,2,unskilled,1,no,yes
unknown,11,critical,car,1393,< 100 DM,< 1 year,4,4,35,none,own,2,management,1,no,no
unknown,36,good,furniture/appliances,2299,500 - 1000 DM,> 7 years,4,4,39,none,own,1,skilled,1,no,no
< 0 DM,6,good,car,1352,500 - 1000 DM,unemployed,1,2,23,none,rent,1,unemployed,1,yes,no
unknown,11,critical,car,7228,< 100 DM,1 - 4 years,1,4,39,none,own,2,unskilled,1,no,no
unknown,12,good,furniture/appliances,2073,100 - 500 DM,1 - 4 years,4,2,28,none,own,1,skilled,1,no,no
1 - 200 DM,24,poor,furniture/appliances,2333,unknown,< 1 year,4,2,29,bank,own,1,unskilled,1,no,no
1 - 200 DM,27,poor,car,5965,< 100 DM,> 7 years,1,2,30,none,own,2,management,1,yes,no
unknown,12,good,furniture/appliances,1262,< 100 DM,1 - 4 years,3,2,25,none,own,1,skilled,1,no,no
unknown,18,good,car,3378,unknown,1 - 4 years,2,1,31,none,own,1,skilled,1,yes,no
1 - 200 DM,36,poor,car,2225,< 100 DM,> 7 years,4,4,57,bank,other,2,skilled,1,yes,yes
unknown,6,very good,car,783,unknown,1 - 4 years,1,2,26,store,own,1,unskilled,2,no,no
1 - 200 DM,12,good,furniture/appliances,6468,unknown,unemployed,2,1,52,none,own,1,management,1,yes,yes
unknown,36,critical,furniture/appliances,9566,< 100 DM,1 - 4 years,2,2,31,store,own,2,skilled,1,no,no
> 200 DM,18,good,car,1961,< 100 DM,> 7 years,3,2,23,none,own,1,management,1,no,no
< 0 DM,36,critical,furniture/appliances,6229,< 100 DM,< 1 year,4,4,23,none,rent,2,unskilled,1,yes,yes
1 - 200 DM,9,good,business,1391,< 100 DM,1 - 4 years,2,1,27,bank,own,1,skilled,1,yes,no
1 - 200 DM,15,critical,furniture/appliances,1537,unknown,> 7 years,4,4,50,none,own,2,skilled,1,yes,no
1 - 200 DM,36,perfect,business,1953,< 100 DM,> 7 years,4,4,61,none,other,1,management,1,yes,yes
1 - 200 DM,48,perfect,business,14421,< 100 DM,1 - 4 years,2,2,25,none,own,1,skilled,1,yes,yes
unknown,24,good,furniture/appliances,3181,< 100 DM,< 1 year,4,4,26,none,own,1,skilled,1,yes,no
unknown,27,good,renovations,5190,unknown,> 7 years,4,4,48,none,own,4,skilled,2,yes,no
unknown,12,good,furniture/appliances,2171,< 100 DM,< 1 year,2,2,29,bank,own,1,skilled,1,no,no
1 - 200 DM,12,good,car,1007,> 1000 DM,1 - 4 years,4,1,22,none,own,1,skilled,1,no,no
unknown,36,good,education,1819,< 100 DM,1 - 4 years,4,4,37,store,other,1,skilled,1,yes,yes
unknown,36,good,furniture/appliances,2394,unknown,1 - 4 years,4,4,25,none,own,1,skilled,1,no,no
unknown,36,good,car,8133,< 100 DM,1 - 4 years,1,2,30,bank,own,1,skilled,1,no,no
unknown,7,critical,furniture/appliances,730,unknown,> 7 years,4,2,46,none,rent,2,unskilled,1,yes,no
< 0 DM,8,critical,car0,1164,< 100 DM,> 7 years,3,4,51,bank,other,2,management,2,yes,no
1 - 200 DM,42,critical,business,5954,< 100 DM,4 - 7 years,2,1,41,bank,own,2,unskilled,1,no,no
< 0 DM,36,good,education,1977,unknown,> 7 years,4,4,40,none,own,1,management,1,yes,yes
< 0 DM,12,critical,car,1526,< 100 DM,> 7 years,4,4,66,none,other,2,management,1,no,no
< 0 DM,42,good,furniture/appliances,3965,< 100 DM,< 1 year,4,3,34,none,own,1,skilled,1,no,yes
1 - 200 DM,11,poor,furniture/appliances,4771,< 100 DM,4 - 7 years,2,4,51,none,own,1,skilled,1,no,no
unknown,54,perfect,car,9436,unknown,1 - 4 years,2,2,39,none,own,1,unskilled,2,no,no
1 - 200 DM,30,good,furniture/appliances,3832,< 100 DM,< 1 year,2,1,22,none,own,1,skilled,1,no,no
unknown,24,good,furniture/appliances,5943,unknown,< 1 year,1,1,44,none,own,2,skilled,1,yes,yes
unknown,15,good,furniture/appliances,1213,500 - 1000 DM,> 7 years,4,3,47,store,own,1,skilled,1,yes,no
unknown,18,good,business,1568,100 - 500 DM,1 - 4 years,3,4,24,none,rent,1,unskilled,1,no,no
< 0 DM,24,good,car0,1755,< 100 DM,> 7 years,4,4,58,none,own,1,unskilled,1,yes,no
< 0 DM,10,good,furniture/appliances,2315,< 100 DM,> 7 years,3,4,52,none,own,1,unskilled,1,no,no
unknown,12,critical,business,1412,< 100 DM,1 - 4 years,4,2,29,none,own,2,management,1,yes,no
1 - 200 DM,18,critical,furniture/appliances,1295,< 100 DM,< 1 year,4,1,27,none,own,2,skilled,1,no,no
1 - 200 DM,36,good,education,12612,100 - 500 DM,1 - 4 years,1,4,47,none,other,1,skilled,2,yes,yes
< 0 DM,18,good,car,2249,100 - 500 DM,4 - 7 years,4,3,30,none,own,1,management,2,yes,no
< 0 DM,12,perfect,renovations,1108,< 100 DM,4 - 7 years,4,3,28,none,own,2,skilled,1,no,yes
unknown,12,critical,furniture/appliances,618,< 100 DM,> 7 years,4,4,56,none,own,1,skilled,1,no,no
< 0 DM,12,critical,car,1409,< 100 DM,> 7 years,4,3,54,none,own,1,skilled,1,no,no
unknown,12,critical,furniture/appliances,797,unknown,> 7 years,4,3,33,bank,own,1,unskilled,2,no,yes
> 200 DM,24,critical,furniture/appliances,3617,unknown,> 7 years,4,4,20,none,rent,2,skilled,1,no,no
1 - 200 DM,12,good,car,1318,> 1000 DM,> 7 years,4,4,54,none,own,1,skilled,1,yes,no
1 - 200 DM,54,perfect,business,15945,< 100 DM,< 1 year,3,4,58,none,rent,1,skilled,1,yes,yes
unknown,12,critical,education,2012,unknown,4 - 7 years,4,2,61,none,own,1,skilled,1,no,no
1 - 200 DM,18,good,business,2622,100 - 500 DM,1 - 4 years,4,4,34,none,own,1,skilled,1,no,no
1 - 200 DM,36,critical,furniture/appliances,2337,< 100 DM,> 7 years,4,4,36,none,own,1,skilled,1,no,no
1 - 200 DM,20,poor,car,7057,unknown,4 - 7 years,3,4,36,bank,rent,2,management,2,yes,no
unknown,24,good,car,1469,100 - 500 DM,> 7 years,4,4,41,none,rent,1,unskilled,1,no,no
1 - 200 DM,36,good,furniture/appliances,2323,< 100 DM,4 - 7 years,4,4,24,none,rent,1,skilled,1,no,no
unknown,6,poor,furniture/appliances,932,< 100 DM,1 - 4 years,3,2,24,none,own,1,skilled,1,no,no
1 - 200 DM,9,critical,furniture/appliances,1919,< 100 DM,4 - 7 years,4,3,35,none,rent,1,skilled,1,yes,no
unknown,12,good,car,2445,unknown,< 1 year,2,4,26,none,rent,1,skilled,1,yes,no
1 - 200 DM,24,critical,car0,11938,< 100 DM,1 - 4 years,2,3,39,none,own,2,management,2,yes,yes
unknown,18,very good,car,6458,< 100 DM,> 7 years,2,4,39,bank,own,2,management,2,yes,yes
1 - 200 DM,12,good,car,6078,< 100 DM,4 - 7 years,2,2,32,none,own,1,skilled,1,no,no
< 0 DM,24,good,furniture/appliances,7721,unknown,< 1 year,1,2,30,none,own,1,skilled,1,yes,no
1 - 200 DM,14,good,business,1410,500 - 1000 DM,> 7 years,1,2,35,none,own,1,skilled,1,yes,no
1 - 200 DM,6,poor,business,1449,100 - 500 DM,> 7 years,1,2,31,bank,own,2,skilled,2,no,no
> 200 DM,15,good,education,392,< 100 DM,< 1 year,4,4,23,none,rent,1,skilled,1,yes,no
1 - 200 DM,18,good,car,6260,< 100 DM,4 - 7 years,3,3,28,none,rent,1,unskilled,1,no,no
unknown,36,critical,car,7855,< 100 DM,1 - 4 years,4,2,25,store,own,2,skilled,1,yes,yes
< 0 DM,12,good,furniture/appliances,1680,500 - 1000 DM,> 7 years,3,1,35,none,own,1,skilled,1,no,no
unknown,48,critical,furniture/appliances,3578,unknown,> 7 years,4,1,47,none,own,1,skilled,1,yes,no
< 0 DM,42,good,furniture/appliances,7174,unknown,4 - 7 years,4,3,30,none,own,1,management,1,yes,yes
< 0 DM,10,critical,furniture/appliances,2132,unknown,< 1 year,2,3,27,none,rent,2,skilled,1,no,no
< 0 DM,33,critical,furniture/appliances,4281,500 - 1000 DM,1 - 4 years,1,4,23,none,own,2,skilled,1,no,yes
1 - 200 DM,12,critical,car,2366,500 - 1000 DM,4 - 7 years,3,3,36,none,own,1,management,1,yes,no
< 0 DM,21,good,furniture/appliances,1835,< 100 DM,1 - 4 years,3,2,25,none,own,2,skilled,1,yes,yes
unknown,24,critical,car,3868,< 100 DM,> 7 years,4,2,41,none,rent,2,management,1,yes,no
unknown,12,good,furniture/appliances,1768,< 100 DM,1 - 4 years,3,2,24,none,rent,1,unskilled,1,no,no
> 200 DM,10,critical,car,781,< 100 DM,> 7 years,4,4,63,none,other,2,skilled,1,yes,no
1 - 200 DM,18,good,furniture/appliances,1924,unknown,< 1 year,4,3,27,none,rent,1,skilled,1,no,yes
< 0 DM,12,critical,car,2121,< 100 DM,1 - 4 years,4,2,30,none,own,2,skilled,1,no,no
< 0 DM,12,good,furniture/appliances,701,< 100 DM,1 - 4 years,4,2,40,none,own,1,unskilled,1,no,no
1 - 200 DM,12,good,renovations,639,< 100 DM,1 - 4 years,4,2,30,none,own,1,skilled,1,no,yes
1 - 200 DM,12,critical,car,1860,< 100 DM,unemployed,4,2,34,none,own,2,management,1,yes,no
< 0 DM,12,critical,car,3499,< 100 DM,1 - 4 years,3,2,29,none,own,2,skilled,1,no,yes
1 - 200 DM,48,good,car,8487,unknown,4 - 7 years,1,2,24,none,own,1,skilled,1,no,no
< 0 DM,36,poor,education,6887,< 100 DM,1 - 4 years,4,3,29,store,own,1,skilled,1,yes,yes
unknown,15,good,furniture/appliances,2708,< 100 DM,< 1 year,2,3,27,bank,own,2,unskilled,1,no,no
unknown,18,good,furniture/appliances,1984,< 100 DM,1 - 4 years,4,4,47,bank,other,2,skilled,1,no,no
unknown,60,good,furniture/appliances,10144,100 - 500 DM,4 - 7 years,2,4,21,none,own,1,skilled,1,yes,no
unknown,12,critical,furniture/appliances,1240,unknown,> 7 years,4,2,38,none,own,2,skilled,1,yes,no
unknown,27,poor,car,8613,> 1000 DM,1 - 4 years,2,2,27,none,own,2,skilled,1,no,no
1 - 200 DM,12,good,furniture/appliances,766,500 - 1000 DM,1 - 4 years,4,3,66,none,own,1,unskilled,1,no,yes
1 - 200 DM,15,critical,furniture/appliances,2728,unknown,4 - 7 years,4,2,35,bank,own,3,skilled,1,yes,no
> 200 DM,12,good,furniture/appliances,1881,< 100 DM,1 - 4 years,2,2,44,none,rent,1,unskilled,1,yes,no
> 200 DM,6,good,car,709,> 1000 DM,< 1 year,2,2,27,none,own,1,unemployed,1,no,no
1 - 200 DM,36,good,furniture/appliances,4795,< 100 DM,< 1 year,4,1,30,none,own,1,management,1,yes,no
< 0 DM,27,good,furniture/appliances,3416,< 100 DM,1 - 4 years,3,2,27,none,own,1,management,1,no,no
< 0 DM,18,good,furniture/appliances,2462,< 100 DM,1 - 4 years,2,2,22,none,own,1,skilled,1,no,yes
unknown,21,critical,furniture/appliances,2288,< 100 DM,< 1 year,4,4,23,none,own,1,skilled,1,yes,no
1 - 200 DM,48,very good,business,3566,100 - 500 DM,4 - 7 years,4,2,30,none,own,1,skilled,1,no,no
< 0 DM,6,critical,car,860,< 100 DM,> 7 years,1,4,39,none,own,2,skilled,1,yes,no
unknown,12,critical,car,682,100 - 500 DM,4 - 7 years,4,3,51,none,own,2,skilled,1,yes,no
< 0 DM,36,critical,furniture/appliances,5371,< 100 DM,1 - 4 years,3,2,28,none,own,2,skilled,1,no,no
unknown,18,critical,furniture/appliances,1582,> 1000 DM,> 7 years,4,4,46,none,own,2,skilled,1,no,no
unknown,6,good,furniture/appliances,1346,100 - 500 DM,> 7 years,2,4,42,bank,other,1,skilled,2,yes,no
unknown,10,good,furniture/appliances,1924,< 100 DM,1 - 4 years,1,4,38,none,own,1,skilled,1,yes,no
> 200 DM,36,good,furniture/appliances,5848,< 100 DM,1 - 4 years,4,1,24,none,own,1,skilled,1,no,no
1 - 200 DM,24,critical,car,7758,> 1000 DM,> 7 years,2,4,29,none,rent,1,skilled,1,no,no
1 - 200 DM,24,poor,business,6967,100 - 500 DM,4 - 7 years,4,4,36,none,rent,1,management,1,yes,no
< 0 DM,12,good,furniture/appliances,1282,< 100 DM,1 - 4 years,2,4,20,none,rent,1,skilled,1,no,yes
< 0 DM,9,critical,renovations,1288,100 - 500 DM,> 7 years,3,4,48,none,own,2,skilled,2,no,no
< 0 DM,12,very good,education,339,< 100 DM,> 7 years,4,1,45,bank,own,1,unskilled,1,no,no
1 - 200 DM,24,good,car,3512,100 - 500 DM,4 - 7 years,2,3,38,bank,own,2,skilled,1,yes,no
unknown,6,critical,furniture/appliances,1898,unknown,1 - 4 years,1,2,34,none,own,2,unskilled,2,no,no
unknown,24,critical,furniture/appliances,2872,100 - 500 DM,> 7 years,3,4,36,none,own,1,skilled,2,yes,no
unknown,18,critical,car,1055,< 100 DM,< 1 year,4,1,30,none,own,2,skilled,1,no,no
unknown,15,good,furniture/appliances,1262,500 - 1000 DM,4 - 7 years,4,3,36,none,own,2,skilled,1,yes,no
1 - 200 DM,10,good,car,7308,< 100 DM,unemployed,2,4,70,bank,other,1,management,1,yes,no
unknown,36,good,car,909,500 - 1000 DM,> 7 years,4,4,36,none,own,1,skilled,1,no,no
unknown,6,good,furniture/appliances,2978,500 - 1000 DM,1 - 4 years,1,2,32,none,own,1,skilled,1,yes,no
< 0 DM,18,good,furniture/appliances,1131,< 100 DM,unemployed,4,2,33,none,own,1,skilled,1,no,yes
1 - 200 DM,11,good,furniture/appliances,1577,> 1000 DM,< 1 year,4,1,20,none,own,1,skilled,1,no,no
unknown,24,good,furniture/appliances,3972,< 100 DM,4 - 7 years,2,4,25,none,rent,1,skilled,1,yes,no
1 - 200 DM,24,critical,business,1935,< 100 DM,> 7 years,4,4,31,none,own,2,skilled,1,yes,yes
< 0 DM,15,perfect,car,950,< 100 DM,> 7 years,4,3,33,none,rent,2,skilled,2,no,yes
unknown,12,good,furniture/appliances,763,< 100 DM,1 - 4 years,4,1,26,none,own,1,skilled,1,yes,no
1 - 200 DM,24,poor,furniture/appliances,2064,< 100 DM,unemployed,3,2,34,none,own,1,management,1,yes,yes
1 - 200 DM,8,good,furniture/appliances,1414,< 100 DM,1 - 4 years,4,2,33,none,own,1,skilled,1,no,no
< 0 DM,21,poor,education,3414,< 100 DM,< 1 year,2,1,26,none,own,2,skilled,1,no,yes
unknown,30,very good,car,7485,unknown,unemployed,4,1,53,bank,own,1,management,1,yes,yes
< 0 DM,12,good,furniture/appliances,2577,< 100 DM,1 - 4 years,2,1,42,none,own,1,skilled,1,no,no
< 0 DM,6,critical,furniture/appliances,338,500 - 1000 DM,> 7 years,4,4,52,none,own,2,skilled,1,no,no
unknown,12,good,furniture/appliances,1963,< 100 DM,4 - 7 years,4,2,31,none,rent,2,management,2,yes,no
< 0 DM,21,critical,car,571,< 100 DM,> 7 years,4,4,65,none,own,2,skilled,1,no,no
unknown,36,poor,business,9572,< 100 DM,< 1 year,1,1,28,none,own,2,skilled,1,no,yes
1 - 200 DM,36,poor,business,4455,< 100 DM,1 - 4 years,2,2,30,store,own,2,management,1,yes,yes
< 0 DM,21,very good,car,1647,unknown,1 - 4 years,4,2,40,none,own,2,unskilled,2,no,yes
unknown,24,critical,furniture/appliances,3777,> 1000 DM,1 - 4 years,4,4,50,none,own,1,skilled,1,yes,no
1 - 200 DM,18,critical,car,884,< 100 DM,> 7 years,4,4,36,bank,own,1,skilled,2,yes,yes
unknown,15,critical,furniture/appliances,1360,< 100 DM,1 - 4 years,4,2,31,none,own,2,skilled,1,no,no
1 - 200 DM,9,very good,car,5129,< 100 DM,> 7 years,2,4,74,bank,other,1,management,2,yes,yes
1 - 200 DM,16,critical,car,1175,< 100 DM,unemployed,2,3,68,none,other,3,unemployed,1,yes,no
< 0 DM,12,good,furniture/appliances,674,100 - 500 DM,4 - 7 years,4,1,20,none,own,1,skilled,1,no,yes
1 - 200 DM,18,perfect,furniture/appliances,3244,< 100 DM,1 - 4 years,1,4,33,bank,own,2,skilled,1,yes,no
unknown,24,good,business,4591,> 1000 DM,1 - 4 years,2,3,54,none,own,3,management,1,yes,yes
1 - 200 DM,48,perfect,business,3844,100 - 500 DM,4 - 7 years,4,4,34,none,other,1,unskilled,2,no,yes
1 - 200 DM,27,good,business,3915,< 100 DM,1 - 4 years,4,2,36,none,own,1,skilled,2,yes,yes
unknown,6,good,furniture/appliances,2108,< 100 DM,4 - 7 years,2,2,29,none,rent,1,skilled,1,no,no
1 - 200 DM,45,good,furniture/appliances,3031,100 - 500 DM,1 - 4 years,4,4,21,none,rent,1,skilled,1,no,yes
1 - 200 DM,9,critical,education,1501,< 100 DM,> 7 years,2,3,34,none,own,2,management,1,yes,yes
unknown,6,critical,furniture/appliances,1382,< 100 DM,1 - 4 years,1,1,28,none,own,2,skilled,1,yes,no
1 - 200 DM,12,good,furniture/appliances,951,100 - 500 DM,< 1 year,4,4,27,bank,rent,4,skilled,1,no,yes
1 - 200 DM,24,good,car,2760,unknown,> 7 years,4,4,36,bank,other,1,skilled,1,yes,no
1 - 200 DM,18,poor,furniture/appliances,4297,< 100 DM,> 7 years,4,3,40,none,own,1,management,1,yes,yes
unknown,9,critical,education,936,500 - 1000 DM,> 7 years,4,2,52,none,own,2,skilled,1,yes,no
< 0 DM,12,good,car,1168,< 100 DM,1 - 4 years,4,3,27,none,own,1,unskilled,1,no,no
unknown,27,poor,business,5117,< 100 DM,4 - 7 years,3,4,26,none,own,2,skilled,1,no,no
< 0 DM,12,good,education,902,< 100 DM,4 - 7 years,4,4,21,none,rent,1,skilled,1,no,yes
unknown,12,critical,car,1495,< 100 DM,> 7 years,4,1,38,none,own,2,unskilled,2,no,no
< 0 DM,30,critical,car,10623,< 100 DM,> 7 years,3,4,38,none,other,3,management,2,yes,no
unknown,12,critical,furniture/appliances,1935,< 100 DM,> 7 years,4,4,43,none,own,3,skilled,1,yes,no
1 - 200 DM,12,critical,furniture/appliances,1424,< 100 DM,4 - 7 years,4,3,26,none,own,1,skilled,1,no,no
< 0 DM,24,good,business,6568,< 100 DM,1 - 4 years,2,2,21,store,own,1,unskilled,1,no,no
unknown,12,good,car,1413,> 1000 DM,4 - 7 years,3,2,55,none,own,1,skilled,1,no,no
unknown,9,critical,furniture/appliances,3074,unknown,1 - 4 years,1,2,33,none,own,2,skilled,2,no,no
unknown,36,good,furniture/appliances,3835,unknown,> 7 years,2,4,45,none,own,1,unskilled,1,yes,no
< 0 DM,27,perfect,business,5293,< 100 DM,unemployed,2,4,50,store,own,2,skilled,1,yes,yes
> 200 DM,30,poor,business,1908,< 100 DM,> 7 years,4,4,66,none,own,1,management,1,yes,yes
unknown,36,critical,furniture/appliances,3342,unknown,> 7 years,4,2,51,none,own,1,skilled,1,yes,no
1 - 200 DM,6,critical,education,932,unknown,4 - 7 years,1,3,39,none,own,2,unskilled,1,no,no
< 0 DM,18,perfect,business,3104,< 100 DM,4 - 7 years,3,1,31,bank,own,1,skilled,1,yes,no
> 200 DM,36,good,furniture/appliances,3913,< 100 DM,1 - 4 years,2,2,23,none,own,1,skilled,1,yes,no
< 0 DM,24,good,furniture/appliances,3021,< 100 DM,1 - 4 years,2,2,24,none,rent,1,unskilled,1,no,no
unknown,10,good,car,1364,< 100 DM,1 - 4 years,2,4,64,none,own,1,skilled,1,yes,no
1 - 200 DM,12,good,furniture/appliances,625,< 100 DM,< 1 year,4,1,26,bank,own,1,unskilled,1,no,no
< 0 DM,12,good,education,1200,unknown,1 - 4 years,4,4,23,bank,rent,1,skilled,1,yes,no
unknown,12,good,furniture/appliances,707,< 100 DM,1 - 4 years,4,2,30,bank,own,2,skilled,1,no,no
unknown,24,poor,business,2978,unknown,1 - 4 years,4,4,32,none,own,2,skilled,2,yes,no
unknown,15,good,car,4657,< 100 DM,1 - 4 years,3,2,30,none,own,1,skilled,1,yes,no
unknown,36,perfect,renovations,2613,< 100 DM,1 - 4 years,4,2,27,none,own,2,skilled,1,no,no
1 - 200 DM,48,good,furniture/appliances,10961,> 1000 DM,4 - 7 years,1,2,27,bank,own,2,skilled,1,yes,yes
< 0 DM,12,good,furniture/appliances,7865,< 100 DM,> 7 years,4,4,53,none,other,1,management,1,yes,yes
unknown,9,good,furniture/appliances,1478,< 100 DM,4 - 7 years,4,2,22,none,own,1,skilled,1,no,yes
< 0 DM,24,good,furniture/appliances,3149,< 100 DM,< 1 year,4,1,22,bank,other,1,skilled,1,no,no
> 200 DM,36,good,furniture/appliances,4210,< 100 DM,1 - 4 years,4,2,26,none,own,1,skilled,1,no,yes
unknown,9,good,car,2507,500 - 1000 DM,> 7 years,2,4,51,none,other,1,unskilled,1,no,no
unknown,12,good,furniture/appliances,2141,100 - 500 DM,4 - 7 years,3,1,35,none,own,1,skilled,1,no,no
1 - 200 DM,18,good,furniture/appliances,866,< 100 DM,1 - 4 years,4,2,25,none,own,1,unskilled,1,no,no
unknown,4,critical,furniture/appliances,1544,< 100 DM,4 - 7 years,2,1,42,none,own,3,unskilled,2,no,no
< 0 DM,24,good,furniture/appliances,1823,< 100 DM,unemployed,4,2,30,store,own,1,management,2,no,yes
1 - 200 DM,6,good,car,14555,unknown,unemployed,1,2,23,none,own,1,unemployed,1,yes,yes
1 - 200 DM,21,good,business,2767,100 - 500 DM,> 7 years,4,2,61,bank,rent,2,unskilled,1,no,yes
unknown,12,critical,furniture/appliances,1291,< 100 DM,1 - 4 years,4,2,35,none,own,2,skilled,1,no,no
< 0 DM,30,good,furniture/appliances,2522,< 100 DM,> 7 years,1,3,39,none,own,1,skilled,2,no,no
< 0 DM,24,good,car,915,unknown,> 7 years,4,2,29,bank,own,1,skilled,1,no,yes
unknown,6,good,furniture/appliances,1595,< 100 DM,4 - 7 years,3,2,51,none,own,1,skilled,2,no,no
< 0 DM,48,perfect,car,4605,< 100 DM,> 7 years,3,4,24,none,other,2,skilled,2,no,yes
unknown,12,critical,business,1185,< 100 DM,1 - 4 years,3,2,27,none,own,2,skilled,1,no,no
unknown,12,very good,education,3447,500 - 1000 DM,1 - 4 years,4,3,35,none,own,1,unskilled,2,no,no
unknown,24,good,business,1258,< 100 DM,4 - 7 years,4,1,25,none,own,1,skilled,1,yes,no
unknown,12,critical,furniture/appliances,717,< 100 DM,> 7 years,4,4,52,none,own,3,skilled,1,no,no
unknown,6,perfect,car,1204,100 - 500 DM,1 - 4 years,4,1,35,bank,rent,1,skilled,1,no,no
> 200 DM,24,good,furniture/appliances,1925,< 100 DM,1 - 4 years,2,2,26,none,own,1,skilled,1,no,no
unknown,18,good,furniture/appliances,433,< 100 DM,unemployed,3,4,22,none,rent,1,skilled,1,no,yes
< 0 DM,6,critical,car,666,> 1000 DM,4 - 7 years,3,4,39,none,own,2,unskilled,1,yes,no
> 200 DM,12,good,furniture/appliances,2251,< 100 DM,1 - 4 years,1,2,46,none,own,1,unskilled,1,no,no
1 - 200 DM,30,good,car,2150,< 100 DM,1 - 4 years,4,2,24,bank,own,1,skilled,1,no,yes
unknown,24,poor,furniture/appliances,4151,100 - 500 DM,1 - 4 years,2,3,35,none,own,2,skilled,1,no,no
1 - 200 DM,9,good,furniture/appliances,2030,unknown,4 - 7 years,2,1,24,none,own,1,skilled,1,yes,no
1 - 200 DM,60,poor,furniture/appliances,7418,unknown,1 - 4 years,1,1,27,none,own,1,unskilled,1,no,no
unknown,24,critical,furniture/appliances,2684,< 100 DM,1 - 4 years,4,2,35,none,own,2,unskilled,1,no,no
< 0 DM,12,very good,furniture/appliances,2149,< 100 DM,1 - 4 years,4,1,29,none,other,1,skilled,1,no,yes
unknown,15,good,car,3812,100 - 500 DM,< 1 year,1,4,23,none,own,1,skilled,1,yes,no
unknown,11,critical,furniture/appliances,1154,100 - 500 DM,unemployed,4,4,57,none,own,3,unskilled,1,no,no
< 0 DM,12,good,furniture/appliances,1657,< 100 DM,1 - 4 years,2,2,27,none,own,1,skilled,1,no,no
< 0 DM,24,good,furniture/appliances,1603,< 100 DM,> 7 years,4,4,55,none,own,1,skilled,1,no,no
< 0 DM,18,critical,car,5302,< 100 DM,> 7 years,2,4,36,none,other,3,management,1,yes,no
unknown,12,critical,education,2748,< 100 DM,> 7 years,2,4,57,bank,other,3,unskilled,1,no,no
unknown,10,critical,car,1231,< 100 DM,> 7 years,3,4,32,none,own,2,unskilled,2,no,no
1 - 200 DM,15,good,furniture/appliances,802,< 100 DM,> 7 years,4,3,37,none,own,1,skilled,2,no,yes
unknown,36,critical,business,6304,unknown,> 7 years,4,4,36,none,own,2,skilled,1,no,no
unknown,24,good,furniture/appliances,1533,< 100 DM,< 1 year,4,3,38,store,own,1,skilled,1,yes,no
< 0 DM,14,good,car,8978,< 100 DM,> 7 years,1,4,45,none,own,1,management,1,yes,yes
unknown,24,good,furniture/appliances,999,unknown,> 7 years,4,2,25,none,own,2,skilled,1,no,no
unknown,18,good,car,2662,unknown,4 - 7 years,4,3,32,none,own,1,skilled,1,no,no
unknown,12,critical,furniture/appliances,1402,500 - 1000 DM,4 - 7 years,3,4,37,none,rent,1,skilled,1,yes,no
1 - 200 DM,48,very good,car,12169,unknown,unemployed,4,4,36,none,other,1,management,1,yes,no
1 - 200 DM,48,good,furniture/appliances,3060,< 100 DM,4 - 7 years,4,4,28,none,own,2,skilled,1,no,yes
< 0 DM,30,good,renovations,11998,< 100 DM,< 1 year,1,1,34,none,own,1,unskilled,1,yes,yes
unknown,9,good,furniture/appliances,2697,< 100 DM,1 - 4 years,1,2,32,none,own,1,skilled,2,no,no
unknown,18,critical,furniture/appliances,2404,< 100 DM,1 - 4 years,2,2,26,none,own,2,skilled,1,no,no
< 0 DM,12,good,furniture/appliances,1262,unknown,> 7 years,2,4,49,none,own,1,unskilled,1,yes,no
unknown,6,good,furniture/appliances,4611,< 100 DM,< 1 year,1,4,32,none,own,1,skilled,1,no,yes
unknown,24,good,furniture/appliances,1901,100 - 500 DM,1 - 4 years,4,4,29,none,rent,1,management,1,yes,no
unknown,15,critical,car,3368,> 1000 DM,> 7 years,3,4,23,none,rent,2,skilled,1,yes,no
unknown,12,good,furniture/appliances,1574,< 100 DM,1 - 4 years,4,2,50,none,own,1,skilled,1,no,no
> 200 DM,18,very good,furniture/appliances,1445,unknown,4 - 7 years,4,4,49,bank,own,1,unskilled,1,no,no
unknown,15,critical,furniture/appliances,1520,unknown,> 7 years,4,4,63,none,own,1,skilled,1,no,no
1 - 200 DM,24,critical,car,3878,100 - 500 DM,< 1 year,4,2,37,none,own,1,skilled,1,yes,no
< 0 DM,47,good,car,10722,< 100 DM,< 1 year,1,1,35,none,own,1,unskilled,1,yes,no
< 0 DM,48,good,car,4788,< 100 DM,4 - 7 years,4,3,26,none,own,1,skilled,2,no,no
1 - 200 DM,48,poor,car0,7582,100 - 500 DM,unemployed,2,4,31,none,other,1,management,1,yes,no
1 - 200 DM,12,good,furniture/appliances,1092,< 100 DM,1 - 4 years,4,4,49,none,own,2,skilled,1,yes,no
< 0 DM,24,poor,furniture/appliances,1024,< 100 DM,< 1 year,4,4,48,store,own,1,skilled,1,no,yes
unknown,12,good,business,1076,< 100 DM,1 - 4 years,2,2,26,none,own,1,skilled,1,yes,no
1 - 200 DM,36,good,car,9398,< 100 DM,< 1 year,1,4,28,none,rent,1,management,1,yes,yes
< 0 DM,24,critical,car,6419,< 100 DM,> 7 years,2,4,44,none,other,2,management,2,yes,no
> 200 DM,42,critical,car,4796,< 100 DM,> 7 years,4,4,56,none,other,1,skilled,1,no,no
unknown,48,critical,business,7629,unknown,> 7 years,4,2,46,bank,own,2,management,2,no,no
1 - 200 DM,48,good,furniture/appliances,9960,< 100 DM,< 1 year,1,2,26,none,own,1,skilled,1,yes,yes
unknown,12,good,car,4675,unknown,< 1 year,1,4,20,none,rent,1,skilled,1,no,no
unknown,10,good,car,1287,unknown,> 7 years,4,2,45,none,own,1,unskilled,1,no,no
unknown,18,good,furniture/appliances,2515,< 100 DM,1 - 4 years,3,4,43,none,own,1,skilled,1,yes,no
1 - 200 DM,21,critical,furniture/appliances,2745,> 1000 DM,4 - 7 years,3,2,32,none,own,2,skilled,1,yes,no
unknown,6,good,car,672,< 100 DM,unemployed,1,4,54,none,own,1,unemployed,1,yes,no
1 - 200 DM,36,perfect,furniture/appliances,3804,< 100 DM,1 - 4 years,4,1,42,none,own,1,skilled,1,yes,yes
> 200 DM,24,critical,car,1344,unknown,4 - 7 years,4,2,37,bank,own,2,unskilled,2,no,yes
< 0 DM,10,critical,car,1038,< 100 DM,4 - 7 years,4,3,49,none,own,2,skilled,1,yes,no
unknown,48,critical,car,10127,500 - 1000 DM,1 - 4 years,2,2,44,bank,other,1,skilled,1,no,yes
unknown,6,good,furniture/appliances,1543,> 1000 DM,1 - 4 years,4,2,33,none,own,1,skilled,1,no,no
unknown,30,good,car,4811,unknown,4 - 7 years,2,4,24,store,rent,1,unskilled,1,no,no
< 0 DM,12,good,furniture/appliances,727,100 - 500 DM,< 1 year,4,3,33,none,own,1,unskilled,1,yes,yes
1 - 200 DM,8,good,furniture/appliances,1237,< 100 DM,1 - 4 years,3,4,24,none,own,1,skilled,1,no,yes
1 - 200 DM,9,good,car,276,< 100 DM,1 - 4 years,4,4,22,none,rent,1,unskilled,1,no,no
1 - 200 DM,48,good,car0,5381,unknown,unemployed,3,4,40,bank,other,1,unemployed,1,yes,no
unknown,24,good,furniture/appliances,5511,100 - 500 DM,1 - 4 years,4,1,25,store,own,1,skilled,1,no,no
> 200 DM,24,good,furniture/appliances,3749,< 100 DM,< 1 year,2,4,26,none,own,1,skilled,1,no,no
1 - 200 DM,12,good,car,685,< 100 DM,4 - 7 years,2,3,25,bank,own,1,unskilled,1,no,yes
> 200 DM,4,good,car,1494,unknown,< 1 year,1,2,29,none,own,1,unskilled,2,no,no
< 0 DM,36,very good,furniture/appliances,2746,< 100 DM,> 7 years,4,4,31,bank,own,1,skilled,1,no,yes
< 0 DM,12,good,furniture/appliances,708,< 100 DM,1 - 4 years,2,3,38,none,own,1,unskilled,2,no,no
1 - 200 DM,24,good,furniture/appliances,4351,unknown,1 - 4 years,1,4,48,none,own,1,unskilled,1,yes,no
unknown,12,critical,education,701,< 100 DM,1 - 4 years,4,2,32,none,own,2,skilled,1,no,no
< 0 DM,15,poor,furniture/appliances,3643,< 100 DM,> 7 years,1,4,27,none,own,2,unskilled,1,no,no
1 - 200 DM,30,critical,car,4249,< 100 DM,unemployed,4,2,28,none,own,2,management,1,no,yes
< 0 DM,24,good,furniture/appliances,1938,< 100 DM,< 1 year,4,3,32,none,own,1,skilled,1,no,yes
< 0 DM,24,good,car,2910,< 100 DM,4 - 7 years,2,1,34,none,other,1,management,1,yes,no
< 0 DM,18,good,furniture/appliances,2659,> 1000 DM,1 - 4 years,4,2,28,none,own,1,skilled,1,no,no
unknown,18,critical,car,1028,< 100 DM,1 - 4 years,4,3,36,none,own,2,skilled,1,no,no
< 0 DM,8,critical,car,3398,< 100 DM,4 - 7 years,1,4,39,none,own,2,unskilled,1,no,no
unknown,12,critical,furniture/appliances,5801,unknown,> 7 years,2,4,49,none,rent,1,skilled,1,yes,no
unknown,24,good,car,1525,> 1000 DM,4 - 7 years,4,3,34,none,own,1,skilled,2,yes,no
> 200 DM,36,good,furniture/appliances,4473,< 100 DM,> 7 years,4,2,31,none,own,1,skilled,1,no,no
1 - 200 DM,6,good,furniture/appliances,1068,< 100 DM,> 7 years,4,4,28,none,own,1,skilled,2,no,no
< 0 DM,24,critical,car,6615,< 100 DM,unemployed,2,4,75,none,other,2,management,1,yes,no
unknown,18,critical,education,1864,100 - 500 DM,1 - 4 years,4,2,30,none,own,2,skilled,1,no,yes
1 - 200 DM,60,good,car,7408,100 - 500 DM,< 1 year,4,2,24,none,own,1,management,1,no,yes
unknown,48,critical,car,11590,100 - 500 DM,1 - 4 years,2,4,24,bank,rent,2,unskilled,1,no,yes
< 0 DM,24,perfect,furniture/appliances,4110,< 100 DM,> 7 years,3,4,23,bank,rent,2,skilled,2,no,yes
< 0 DM,6,critical,furniture/appliances,3384,< 100 DM,1 - 4 years,1,4,44,none,rent,1,management,1,yes,yes
1 - 200 DM,13,good,furniture/appliances,2101,< 100 DM,< 1 year,2,4,23,none,own,1,unskilled,1,no,no
< 0 DM,15,good,furniture/appliances,1275,unknown,1 - 4 years,4,2,24,none,rent,1,skilled,1,no,yes
< 0 DM,24,good,furniture/appliances,4169,< 100 DM,1 - 4 years,4,4,28,none,own,1,skilled,1,no,no
1 - 200 DM,10,good,furniture/appliances,1521,< 100 DM,1 - 4 years,4,2,31,none,own,1,unskilled,1,no,no
1 - 200 DM,24,critical,education,5743,< 100 DM,< 1 year,2,4,24,none,other,2,skilled,1,yes,no
< 0 DM,21,good,furniture/appliances,3599,< 100 DM,4 - 7 years,1,4,26,none,rent,1,unskilled,1,no,no
1 - 200 DM,18,good,furniture/appliances,3213,500 - 1000 DM,< 1 year,1,3,25,none,rent,1,skilled,1,no,no
1 - 200 DM,18,good,business,4439,< 100 DM,> 7 years,1,1,33,bank,own,1,management,1,yes,no
> 200 DM,10,good,car,3949,< 100 DM,< 1 year,1,1,37,none,own,1,unskilled,2,no,no
unknown,15,critical,furniture/appliances,1459,< 100 DM,1 - 4 years,4,2,43,none,own,1,unskilled,1,no,no
1 - 200 DM,13,critical,furniture/appliances,882,< 100 DM,< 1 year,4,4,23,none,own,2,skilled,1,no,no
1 - 200 DM,24,good,furniture/appliances,3758,500 - 1000 DM,unemployed,1,4,23,none,rent,1,unemployed,1,no,no
unknown,6,poor,business,1743,100 - 500 DM,1 - 4 years,1,2,34,none,own,2,unskilled,1,no,no
1 - 200 DM,9,critical,education,1136,> 1000 DM,> 7 years,4,3,32,none,other,2,skilled,2,no,yes
unknown,9,good,furniture/appliances,1236,< 100 DM,< 1 year,1,4,23,none,rent,1,skilled,1,yes,no
1 - 200 DM,9,good,furniture/appliances,959,< 100 DM,1 - 4 years,1,2,29,none,own,1,skilled,1,no,yes
unknown,18,critical,car,3229,unknown,unemployed,2,4,38,none,own,1,management,1,yes,no
< 0 DM,12,perfect,furniture/appliances,6199,< 100 DM,1 - 4 years,4,2,28,none,rent,2,skilled,1,yes,yes
unknown,10,good,education,727,500 - 1000 DM,> 7 years,4,4,46,none,other,1,skilled,1,yes,no
1 - 200 DM,24,good,car,1246,< 100 DM,< 1 year,4,2,23,store,own,1,unskilled,1,no,yes
unknown,12,critical,furniture/appliances,2331,unknown,> 7 years,1,4,49,none,own,1,skilled,1,yes,no
unknown,36,poor,furniture/appliances,4463,< 100 DM,1 - 4 years,4,2,26,none,own,2,management,1,yes,yes
unknown,12,good,furniture/appliances,776,< 100 DM,1 - 4 years,4,2,28,none,own,1,skilled,1,no,no
< 0 DM,30,good,furniture/appliances,2406,< 100 DM,4 - 7 years,4,4,23,none,rent,1,skilled,1,no,yes
1 - 200 DM,18,good,education,1239,unknown,1 - 4 years,4,4,61,none,other,1,skilled,1,no,no
> 200 DM,12,good,furniture/appliances,3399,unknown,> 7 years,2,3,37,none,own,1,management,1,no,no
> 200 DM,12,poor,car,2247,< 100 DM,1 - 4 years,2,2,36,store,own,2,skilled,1,yes,no
unknown,6,good,furniture/appliances,1766,< 100 DM,1 - 4 years,1,2,21,none,rent,1,skilled,1,no,no
< 0 DM,18,good,furniture/appliances,2473,< 100 DM,unemployed,4,1,25,none,own,1,unemployed,1,no,yes
unknown,12,good,business,1542,< 100 DM,4 - 7 years,2,4,36,none,own,1,skilled,1,yes,no
unknown,18,critical,car,3850,< 100 DM,4 - 7 years,3,1,27,none,own,2,skilled,1,no,no
< 0 DM,18,good,furniture/appliances,3650,< 100 DM,< 1 year,1,4,22,none,rent,1,skilled,1,no,no
< 0 DM,36,good,furniture/appliances,3446,< 100 DM,> 7 years,4,2,42,none,own,1,skilled,2,no,yes
1 - 200 DM,18,good,furniture/appliances,3001,< 100 DM,4 - 7 years,2,4,40,none,rent,1,skilled,1,no,no
unknown,36,good,car,3079,unknown,1 - 4 years,4,4,36,none,own,1,skilled,1,no,no
unknown,18,critical,furniture/appliances,6070,< 100 DM,> 7 years,3,4,33,none,own,2,skilled,1,yes,no
unknown,10,critical,furniture/appliances,2146,< 100 DM,< 1 year,1,3,23,none,rent,2,skilled,1,no,no
unknown,60,critical,car,13756,unknown,> 7 years,2,4,63,bank,other,1,management,1,yes,no
1 - 200 DM,60,very good,car0,14782,100 - 500 DM,> 7 years,3,4,60,bank,other,2,management,1,yes,yes
< 0 DM,48,very good,business,7685,< 100 DM,4 - 7 years,2,4,37,none,rent,1,skilled,1,no,yes
unknown,18,poor,furniture/appliances,2320,< 100 DM,unemployed,2,3,34,none,own,2,skilled,1,no,no
unknown,7,poor,furniture/appliances,846,unknown,> 7 years,3,4,36,none,other,1,skilled,1,no,no
1 - 200 DM,36,good,car,14318,< 100 DM,> 7 years,4,2,57,none,other,1,management,1,yes,yes
unknown,6,critical,car,362,100 - 500 DM,1 - 4 years,4,4,52,none,own,2,unskilled,1,no,no
< 0 DM,20,good,furniture/appliances,2212,unknown,4 - 7 years,4,4,39,none,own,1,skilled,1,yes,no
1 - 200 DM,18,good,car,12976,< 100 DM,unemployed,3,4,38,none,other,1,management,1,yes,yes
unknown,22,good,car,1283,unknown,4 - 7 years,4,4,25,none,rent,1,skilled,1,no,no
> 200 DM,12,good,car,1330,< 100 DM,< 1 year,4,1,26,none,own,1,skilled,1,no,no
unknown,30,poor,business,4272,100 - 500 DM,1 - 4 years,2,2,26,none,own,2,unskilled,1,no,no
unknown,18,critical,furniture/appliances,2238,< 100 DM,1 - 4 years,2,1,25,none,own,2,skilled,1,no,no
unknown,18,good,furniture/appliances,1126,unknown,< 1 year,4,2,21,none,rent,1,skilled,1,yes,no
1 - 200 DM,18,critical,furniture/appliances,7374,< 100 DM,unemployed,4,4,40,store,own,2,management,1,yes,no
1 - 200 DM,15,critical,business,2326,500 - 1000 DM,1 - 4 years,2,4,27,bank,own,1,skilled,1,no,no
unknown,9,good,business,1449,< 100 DM,4 - 7 years,3,2,27,none,own,2,skilled,1,no,no
unknown,18,good,car,1820,< 100 DM,1 - 4 years,2,2,30,none,own,1,management,1,yes,no
1 - 200 DM,12,good,furniture/appliances,983,> 1000 DM,< 1 year,1,4,19,none,rent,1,unskilled,1,no,no
< 0 DM,36,good,car,3249,< 100 DM,4 - 7 years,2,4,39,bank,other,1,management,2,yes,no
< 0 DM,6,critical,furniture/appliances,1957,< 100 DM,4 - 7 years,1,4,31,none,own,1,skilled,1,no,no
unknown,9,critical,furniture/appliances,2406,< 100 DM,unemployed,2,3,31,none,own,1,management,1,no,no
1 - 200 DM,39,poor,education,11760,100 - 500 DM,4 - 7 years,2,3,32,none,rent,1,skilled,1,yes,no
< 0 DM,12,good,furniture/appliances,2578,< 100 DM,unemployed,3,4,55,none,other,1,management,1,no,no
< 0 DM,36,critical,furniture/appliances,2348,< 100 DM,1 - 4 years,3,2,46,none,own,2,skilled,1,yes,no
1 - 200 DM,12,good,car,1223,< 100 DM,> 7 years,1,1,46,none,rent,2,skilled,1,no,yes
unknown,24,critical,furniture/appliances,1516,> 1000 DM,1 - 4 years,4,1,43,none,own,2,unskilled,1,no,no
unknown,18,good,furniture/appliances,1473,< 100 DM,< 1 year,3,4,39,none,own,1,skilled,1,yes,no
1 - 200 DM,18,critical,business,1887,unknown,1 - 4 years,4,4,28,bank,own,2,skilled,1,no,no
unknown,24,poor,business,8648,< 100 DM,< 1 year,2,2,27,bank,own,2,skilled,1,yes,yes
unknown,14,poor,car,802,< 100 DM,1 - 4 years,4,2,27,none,own,2,unskilled,1,no,no
1 - 200 DM,18,poor,car,2899,unknown,> 7 years,4,4,43,none,own,1,skilled,2,no,no
1 - 200 DM,24,good,furniture/appliances,2039,< 100 DM,< 1 year,1,1,22,none,own,1,skilled,1,yes,yes
unknown,24,critical,car,2197,unknown,4 - 7 years,4,4,43,none,own,2,skilled,2,yes,no
< 0 DM,15,good,furniture/appliances,1053,< 100 DM,< 1 year,4,2,27,none,own,1,skilled,1,no,no
unknown,24,good,furniture/appliances,3235,500 - 1000 DM,> 7 years,3,2,26,none,own,1,management,1,yes,no
> 200 DM,12,critical,car,939,500 - 1000 DM,4 - 7 years,4,2,28,none,own,3,skilled,1,yes,yes
1 - 200 DM,24,good,furniture/appliances,1967,< 100 DM,> 7 years,4,4,20,none,own,1,skilled,1,yes,no
unknown,33,critical,car,7253,< 100 DM,4 - 7 years,3,2,35,none,own,2,management,1,yes,no
unknown,12,critical,business,2292,< 100 DM,unemployed,4,2,42,store,own,2,management,1,yes,yes
unknown,10,good,car,1597,500 - 1000 DM,1 - 4 years,3,2,40,none,rent,1,unskilled,2,no,no
< 0 DM,24,good,car,1381,unknown,1 - 4 years,4,2,35,none,own,1,skilled,1,no,yes
unknown,36,critical,car,5842,< 100 DM,> 7 years,2,2,35,none,own,2,skilled,2,yes,no
< 0 DM,12,good,car,2579,< 100 DM,< 1 year,4,1,33,none,own,1,unskilled,2,no,yes
< 0 DM,18,poor,education,8471,unknown,1 - 4 years,1,2,23,none,rent,2,skilled,1,yes,no
unknown,21,good,car,2782,500 - 1000 DM,4 - 7 years,1,2,31,bank,own,1,management,1,no,no
1 - 200 DM,18,good,car,1042,unknown,1 - 4 years,4,2,33,none,own,1,skilled,1,no,yes
unknown,15,good,car,3186,> 1000 DM,4 - 7 years,2,3,20,none,rent,1,skilled,1,no,no
1 - 200 DM,12,good,car,2028,unknown,1 - 4 years,4,2,30,none,own,1,skilled,1,no,no
1 - 200 DM,12,critical,car,958,< 100 DM,4 - 7 years,2,3,47,none,own,2,unskilled,2,no,no
unknown,21,poor,furniture/appliances,1591,100 - 500 DM,4 - 7 years,4,3,34,none,own,2,management,1,no,no
1 - 200 DM,12,good,furniture/appliances,2762,unknown,> 7 years,1,2,25,bank,own,1,skilled,1,yes,yes
1 - 200 DM,18,good,car,2779,< 100 DM,1 - 4 years,1,3,21,none,rent,1,skilled,1,yes,no
unknown,28,critical,furniture/appliances,2743,< 100 DM,> 7 years,4,2,29,none,own,2,skilled,1,no,no
unknown,18,critical,furniture/appliances,1149,> 1000 DM,1 - 4 years,4,3,46,none,own,2,skilled,1,no,no
unknown,9,good,furniture/appliances,1313,< 100 DM,> 7 years,1,4,20,none,own,1,skilled,1,no,no
< 0 DM,18,critical,renovations,1190,< 100 DM,unemployed,2,4,55,none,other,3,unemployed,2,no,yes
unknown,5,good,business,3448,< 100 DM,4 - 7 years,1,4,74,none,own,1,unskilled,1,no,no
1 - 200 DM,24,good,car0,11328,< 100 DM,1 - 4 years,2,3,29,bank,own,2,management,1,yes,yes
< 0 DM,6,critical,furniture/appliances,1872,< 100 DM,unemployed,4,4,36,none,other,3,management,1,yes,no
unknown,24,critical,renovations,2058,< 100 DM,1 - 4 years,4,2,33,none,own,2,skilled,1,yes,no
< 0 DM,9,good,furniture/appliances,2136,< 100 DM,1 - 4 years,3,2,25,none,own,1,skilled,1,no,no
1 - 200 DM,12,good,furniture/appliances,1484,unknown,1 - 4 years,2,1,25,none,own,1,skilled,1,yes,yes
unknown,6,good,renovations,660,500 - 1000 DM,4 - 7 years,2,4,23,none,rent,1,unskilled,1,no,no
unknown,24,critical,car,1287,> 1000 DM,> 7 years,4,4,37,none,own,2,skilled,1,yes,no
< 0 DM,42,critical,renovations,3394,< 100 DM,unemployed,4,4,65,none,own,2,unemployed,1,no,no
> 200 DM,12,very good,business,609,< 100 DM,< 1 year,4,1,26,none,own,1,unemployed,1,no,yes
unknown,12,good,car,1884,< 100 DM,> 7 years,4,4,39,none,own,1,management,1,yes,no
< 0 DM,12,good,furniture/appliances,1620,< 100 DM,1 - 4 years,2,3,30,none,own,1,skilled,1,no,no
1 - 200 DM,20,poor,car0,2629,< 100 DM,1 - 4 years,2,3,29,bank,own,2,skilled,1,yes,no
unknown,12,good,education,719,< 100 DM,> 7 years,4,4,41,bank,own,1,unskilled,2,no,yes
1 - 200 DM,48,critical,furniture/appliances,5096,< 100 DM,1 - 4 years,2,3,30,none,own,1,management,1,yes,yes
unknown,9,critical,education,1244,unknown,> 7 years,4,4,41,none,rent,2,unskilled,1,no,no
< 0 DM,36,good,car,1842,< 100 DM,< 1 year,4,4,34,none,own,1,skilled,1,yes,yes
1 - 200 DM,7,good,furniture/appliances,2576,< 100 DM,1 - 4 years,2,2,35,none,own,1,skilled,1,no,no
> 200 DM,12,good,furniture/appliances,1424,unknown,> 7 years,3,4,55,none,own,1,management,1,yes,no
1 - 200 DM,15,poor,renovations,1512,> 1000 DM,1 - 4 years,3,3,61,store,own,2,skilled,1,no,yes
unknown,36,critical,car,11054,unknown,1 - 4 years,4,2,30,none,own,1,management,1,yes,no
unknown,6,good,furniture/appliances,518,< 100 DM,1 - 4 years,3,1,29,none,own,1,skilled,1,no,no
unknown,12,perfect,furniture/appliances,2759,< 100 DM,> 7 years,2,4,34,none,own,2,skilled,1,no,no
unknown,24,good,car,2670,< 100 DM,> 7 years,4,4,35,none,own,1,management,1,yes,no
< 0 DM,24,good,car,4817,< 100 DM,4 - 7 years,2,3,31,none,own,1,skilled,1,yes,yes
unknown,24,good,car,2679,< 100 DM,< 1 year,4,1,29,none,own,1,management,1,yes,no
< 0 DM,11,critical,car,3905,< 100 DM,1 - 4 years,2,2,36,none,rent,2,skilled,2,no,no
< 0 DM,12,good,car,3386,< 100 DM,> 7 years,3,4,35,none,other,1,skilled,1,yes,yes
< 0 DM,6,good,furniture/appliances,343,< 100 DM,< 1 year,4,1,27,none,own,1,skilled,1,no,no
unknown,18,good,furniture/appliances,4594,< 100 DM,< 1 year,3,2,32,none,own,1,skilled,1,yes,no
< 0 DM,36,good,furniture/appliances,3620,< 100 DM,1 - 4 years,1,2,37,none,own,1,skilled,2,no,no
< 0 DM,15,good,car,1721,< 100 DM,< 1 year,2,3,36,none,own,1,skilled,1,no,no
1 - 200 DM,12,good,furniture/appliances,3017,< 100 DM,< 1 year,3,1,34,none,rent,1,management,1,no,no
1 - 200 DM,12,good,education,754,unknown,> 7 years,4,4,38,none,own,2,skilled,1,no,no
unknown,18,good,business,1950,< 100 DM,4 - 7 years,4,1,34,store,own,2,skilled,1,yes,no
< 0 DM,24,good,car,2924,< 100 DM,1 - 4 years,3,4,63,bank,own,1,skilled,2,yes,no
< 0 DM,24,poor,furniture/appliances,1659,< 100 DM,< 1 year,4,2,29,none,rent,1,unskilled,1,yes,yes
unknown,48,poor,furniture/appliances,7238,unknown,> 7 years,3,3,32,bank,own,2,skilled,2,no,no
unknown,33,poor,business,2764,< 100 DM,1 - 4 years,2,2,26,none,own,2,skilled,1,yes,no
unknown,24,poor,car,4679,< 100 DM,4 - 7 years,3,3,35,none,own,2,unskilled,1,yes,no
1 - 200 DM,24,good,furniture/appliances,3092,100 - 500 DM,< 1 year,3,2,22,none,rent,1,skilled,1,yes,yes
< 0 DM,6,good,education,448,< 100 DM,< 1 year,4,4,23,none,own,1,skilled,1,no,yes
< 0 DM,9,good,car,654,< 100 DM,1 - 4 years,4,3,28,none,own,1,unskilled,1,no,yes
unknown,6,good,education,1238,unknown,unemployed,4,4,36,none,own,1,management,2,yes,no
1 - 200 DM,18,critical,furniture/appliances,1245,< 100 DM,1 - 4 years,4,2,33,none,own,1,skilled,1,no,yes
< 0 DM,18,perfect,furniture/appliances,3114,< 100 DM,< 1 year,1,4,26,none,rent,1,skilled,1,no,yes
unknown,39,good,car,2569,500 - 1000 DM,1 - 4 years,4,4,24,none,own,1,skilled,1,no,no
> 200 DM,24,good,furniture/appliances,5152,< 100 DM,4 - 7 years,4,2,25,bank,own,1,skilled,1,no,no
1 - 200 DM,12,good,business,1037,100 - 500 DM,4 - 7 years,3,4,39,none,own,1,unskilled,1,no,no
< 0 DM,15,critical,furniture/appliances,1478,< 100 DM,> 7 years,4,4,44,none,own,2,skilled,2,yes,no
1 - 200 DM,12,critical,furniture/appliances,3573,< 100 DM,1 - 4 years,1,1,23,none,own,1,unskilled,1,no,no
1 - 200 DM,24,good,car,1201,< 100 DM,< 1 year,4,1,26,none,own,1,skilled,1,no,no
< 0 DM,30,good,furniture/appliances,3622,> 1000 DM,> 7 years,4,4,57,none,rent,2,skilled,1,yes,no
unknown,15,poor,furniture/appliances,960,> 1000 DM,4 - 7 years,3,2,30,none,own,2,skilled,1,no,no
unknown,12,critical,car,1163,500 - 1000 DM,1 - 4 years,4,4,44,none,own,1,skilled,1,yes,no
1 - 200 DM,6,poor,car,1209,< 100 DM,unemployed,4,4,47,none,own,1,management,1,yes,yes
unknown,12,good,furniture/appliances,3077,< 100 DM,1 - 4 years,2,4,52,none,own,1,skilled,1,yes,no
unknown,24,good,car,3757,< 100 DM,> 7 years,4,4,62,none,other,1,skilled,1,yes,no
unknown,10,good,car,1418,100 - 500 DM,1 - 4 years,3,2,35,none,rent,1,unskilled,1,no,no
unknown,6,good,car,3518,< 100 DM,1 - 4 years,2,3,26,none,rent,1,skilled,1,no,no
unknown,12,critical,furniture/appliances,1934,< 100 DM,> 7 years,2,2,26,none,own,2,skilled,1,no,no
1 - 200 DM,27,perfect,business,8318,< 100 DM,> 7 years,2,4,42,none,other,2,management,1,yes,yes
unknown,6,critical,furniture/appliances,1237,100 - 500 DM,1 - 4 years,1,1,27,none,own,2,skilled,1,no,no
1 - 200 DM,6,good,furniture/appliances,368,unknown,> 7 years,4,4,38,none,own,1,skilled,1,no,no
< 0 DM,12,critical,car,2122,< 100 DM,1 - 4 years,3,2,39,none,rent,2,unskilled,2,no,no
< 0 DM,24,good,furniture/appliances,2996,unknown,1 - 4 years,2,4,20,none,own,1,skilled,1,no,yes
1 - 200 DM,36,good,furniture/appliances,9034,100 - 500 DM,< 1 year,4,1,29,none,rent,1,management,1,yes,yes
unknown,24,critical,furniture/appliances,1585,< 100 DM,4 - 7 years,4,3,40,none,own,2,skilled,1,no,no
1 - 200 DM,18,good,furniture/appliances,1301,< 100 DM,> 7 years,4,2,32,none,own,1,unskilled,1,no,no
> 200 DM,6,critical,car,1323,100 - 500 DM,> 7 years,2,4,28,none,own,2,skilled,2,yes,no
< 0 DM,24,good,car,3123,< 100 DM,< 1 year,4,1,27,none,own,1,skilled,1,no,yes
< 0 DM,36,good,car,5493,< 100 DM,> 7 years,2,4,42,none,other,1,skilled,2,no,no
> 200 DM,9,good,furniture/appliances,1126,100 - 500 DM,> 7 years,2,4,49,none,own,1,skilled,1,no,no
1 - 200 DM,24,critical,furniture/appliances,1216,100 - 500 DM,< 1 year,4,4,38,bank,own,2,skilled,2,no,yes
< 0 DM,24,good,car,1207,< 100 DM,< 1 year,4,4,24,none,rent,1,skilled,1,no,yes
unknown,10,good,car,1309,unknown,1 - 4 years,4,4,27,none,own,1,unskilled,1,no,yes
> 200 DM,15,critical,car,2360,500 - 1000 DM,1 - 4 years,2,2,36,none,own,1,skilled,1,yes,no
1 - 200 DM,15,very good,car,6850,100 - 500 DM,unemployed,1,2,34,none,own,1,management,2,yes,yes
unknown,24,good,furniture/appliances,1413,< 100 DM,1 - 4 years,4,2,28,none,own,1,skilled,1,no,no
unknown,39,good,car,8588,100 - 500 DM,> 7 years,4,2,45,none,own,1,management,1,yes,no
< 0 DM,12,good,car,759,< 100 DM,4 - 7 years,4,2,26,none,own,1,skilled,1,no,yes
unknown,36,good,car,4686,< 100 DM,1 - 4 years,2,2,32,none,other,1,management,1,yes,no
> 200 DM,15,good,business,2687,< 100 DM,4 - 7 years,2,4,26,none,rent,1,skilled,1,yes,no
1 - 200 DM,12,poor,furniture/appliances,585,< 100 DM,1 - 4 years,4,4,20,none,rent,2,skilled,1,no,no
unknown,24,good,car,2255,unknown,< 1 year,4,1,54,none,own,1,skilled,1,no,no
< 0 DM,6,critical,car,609,< 100 DM,4 - 7 years,4,3,37,none,own,2,skilled,1,no,no
< 0 DM,6,critical,car,1361,< 100 DM,< 1 year,2,4,40,none,own,1,unskilled,2,no,no
unknown,36,critical,furniture/appliances,7127,< 100 DM,< 1 year,2,4,23,none,rent,2,skilled,1,yes,yes
< 0 DM,6,good,car,1203,100 - 500 DM,> 7 years,3,2,43,none,own,1,skilled,1,yes,no
unknown,6,critical,furniture/appliances,700,unknown,> 7 years,4,4,36,none,other,2,skilled,1,no,no
unknown,24,critical,renovations,5507,< 100 DM,> 7 years,3,4,44,none,other,2,skilled,1,no,no
< 0 DM,18,good,furniture/appliances,3190,< 100 DM,1 - 4 years,2,2,24,none,own,1,skilled,1,no,yes
< 0 DM,48,perfect,furniture/appliances,7119,< 100 DM,1 - 4 years,3,4,53,none,other,2,skilled,2,no,yes
unknown,24,good,car,3488,100 - 500 DM,4 - 7 years,3,4,23,none,own,1,skilled,1,no,no
1 - 200 DM,18,good,furniture/appliances,1113,< 100 DM,1 - 4 years,4,4,26,none,own,1,unskilled,2,no,no
1 - 200 DM,26,good,car,7966,< 100 DM,< 1 year,2,3,30,none,own,2,skilled,1,no,no
unknown,15,critical,education,1532,100 - 500 DM,1 - 4 years,4,3,31,none,own,1,skilled,1,no,no
unknown,4,critical,furniture/appliances,1503,< 100 DM,4 - 7 years,2,1,42,none,own,2,unskilled,2,no,no
< 0 DM,36,good,furniture/appliances,2302,< 100 DM,1 - 4 years,4,4,31,none,rent,1,skilled,1,no,yes
< 0 DM,6,good,car,662,< 100 DM,< 1 year,3,4,41,none,own,1,unskilled,2,yes,no
1 - 200 DM,36,good,education,2273,< 100 DM,4 - 7 years,3,1,32,none,own,2,skilled,2,no,no
1 - 200 DM,15,good,car,2631,100 - 500 DM,1 - 4 years,2,4,28,none,rent,2,skilled,1,yes,yes
unknown,12,poor,car,1503,< 100 DM,1 - 4 years,4,4,41,none,rent,1,skilled,1,no,no
unknown,24,good,furniture/appliances,1311,100 - 500 DM,4 - 7 years,4,3,26,none,own,1,skilled,1,yes,no
unknown,24,good,furniture/appliances,3105,unknown,< 1 year,4,2,25,none,own,2,skilled,1,no,no
> 200 DM,21,critical,education,2319,< 100 DM,< 1 year,2,1,33,none,rent,1,skilled,1,no,yes
< 0 DM,6,good,car,1374,unknown,unemployed,4,3,75,none,own,1,management,1,yes,no
1 - 200 DM,18,critical,furniture/appliances,3612,< 100 DM,> 7 years,3,4,37,none,own,1,skilled,1,yes,no
< 0 DM,48,good,car,7763,< 100 DM,> 7 years,4,4,42,bank,other,1,management,1,no,yes
> 200 DM,18,good,furniture/appliances,3049,< 100 DM,< 1 year,1,1,45,store,own,1,unskilled,1,no,no
1 - 200 DM,12,good,furniture/appliances,1534,< 100 DM,< 1 year,1,1,23,none,rent,1,skilled,1,no,yes
unknown,24,poor,car,2032,< 100 DM,> 7 years,4,4,60,none,other,2,skilled,1,yes,no
< 0 DM,30,good,furniture/appliances,6350,unknown,> 7 years,4,4,31,none,own,1,skilled,1,no,yes
> 200 DM,18,good,furniture/appliances,2864,< 100 DM,1 - 4 years,2,1,34,none,own,1,unskilled,2,no,yes
unknown,12,critical,car,1255,< 100 DM,> 7 years,4,4,61,none,own,2,unskilled,1,no,no
< 0 DM,24,poor,car,1333,< 100 DM,unemployed,4,2,43,none,other,2,skilled,2,no,yes
unknown,24,critical,car,2022,< 100 DM,1 - 4 years,4,4,37,none,own,1,skilled,1,yes,no
unknown,24,good,furniture/appliances,1552,< 100 DM,4 - 7 years,3,1,32,bank,own,1,skilled,2,no,no
< 0 DM,12,very good,furniture/appliances,626,< 100 DM,1 - 4 years,4,4,24,bank,own,1,unskilled,1,no,yes
unknown,48,critical,car,8858,unknown,4 - 7 years,2,1,35,none,other,2,skilled,1,yes,no
unknown,12,critical,renovations,996,unknown,4 - 7 years,4,4,23,none,own,2,skilled,1,no,no
unknown,6,very good,furniture/appliances,1750,500 - 1000 DM,> 7 years,2,4,45,bank,own,1,unskilled,2,no,no
< 0 DM,48,good,furniture/appliances,6999,< 100 DM,4 - 7 years,1,1,34,none,own,2,skilled,1,yes,yes
1 - 200 DM,12,critical,car,1995,100 - 500 DM,< 1 year,4,1,27,none,own,1,skilled,1,no,no
1 - 200 DM,9,good,education,1199,< 100 DM,4 - 7 years,4,4,67,none,own,2,management,1,yes,no
1 - 200 DM,12,good,furniture/appliances,1331,< 100 DM,< 1 year,2,1,22,store,own,1,skilled,1,no,yes
1 - 200 DM,18,perfect,car,2278,100 - 500 DM,< 1 year,3,3,28,none,own,2,skilled,1,no,yes
unknown,21,perfect,car,5003,unknown,1 - 4 years,1,4,29,bank,own,2,skilled,1,yes,yes
< 0 DM,24,very good,furniture/appliances,3552,< 100 DM,4 - 7 years,3,4,27,bank,own,1,skilled,1,no,yes
1 - 200 DM,18,critical,furniture/appliances,1928,< 100 DM,< 1 year,2,2,31,none,own,2,unskilled,1,no,yes
< 0 DM,24,good,car,2964,unknown,> 7 years,4,4,49,bank,other,1,skilled,2,yes,no
< 0 DM,24,very good,furniture/appliances,1546,< 100 DM,4 - 7 years,4,4,24,bank,rent,1,unskilled,1,no,yes
> 200 DM,6,poor,furniture/appliances,683,< 100 DM,< 1 year,2,1,29,bank,own,1,skilled,1,no,no
1 - 200 DM,36,good,car,12389,unknown,1 - 4 years,1,4,37,none,other,1,skilled,1,yes,yes
1 - 200 DM,24,poor,business,4712,unknown,1 - 4 years,4,2,37,bank,own,2,management,1,yes,no
1 - 200 DM,24,poor,furniture/appliances,1553,100 - 500 DM,4 - 7 years,3,2,23,none,rent,2,skilled,1,yes,no
< 0 DM,12,good,car,1372,< 100 DM,4 - 7 years,2,3,36,none,own,1,skilled,1,no,yes
unknown,24,critical,furniture/appliances,2578,> 1000 DM,> 7 years,2,2,34,none,own,1,skilled,1,no,no
1 - 200 DM,48,good,furniture/appliances,3979,unknown,4 - 7 years,4,1,41,none,own,2,skilled,2,yes,no
< 0 DM,48,good,furniture/appliances,6758,< 100 DM,1 - 4 years,3,2,31,none,own,1,skilled,1,yes,yes
< 0 DM,24,good,furniture/appliances,3234,< 100 DM,< 1 year,4,4,23,none,rent,1,unskilled,1,yes,yes
unknown,30,critical,furniture/appliances,5954,< 100 DM,4 - 7 years,3,2,38,none,own,1,skilled,1,no,no
unknown,24,good,car,5433,unknown,unemployed,2,4,26,none,rent,1,management,1,yes,no
< 0 DM,15,good,business,806,< 100 DM,1 - 4 years,4,4,22,none,own,1,unskilled,1,no,no
1 - 200 DM,9,good,furniture/appliances,1082,< 100 DM,> 7 years,4,4,27,none,own,2,unskilled,1,no,no
unknown,15,critical,furniture/appliances,2788,< 100 DM,4 - 7 years,2,3,24,bank,own,2,skilled,1,no,no
1 - 200 DM,12,good,furniture/appliances,2930,< 100 DM,4 - 7 years,2,1,27,none,own,1,skilled,1,no,no
unknown,24,critical,education,1927,unknown,1 - 4 years,3,2,33,none,own,2,skilled,1,yes,no
1 - 200 DM,36,critical,car,2820,< 100 DM,< 1 year,4,4,27,none,own,2,skilled,1,no,yes
unknown,24,good,education,937,< 100 DM,< 1 year,4,3,27,none,own,2,unskilled,1,no,no
1 - 200 DM,18,critical,car,1056,< 100 DM,> 7 years,3,3,30,bank,own,2,skilled,1,no,yes
1 - 200 DM,12,critical,car,3124,< 100 DM,< 1 year,1,3,49,bank,own,2,unskilled,2,no,no
unknown,9,good,furniture/appliances,1388,< 100 DM,1 - 4 years,4,2,26,none,rent,1,skilled,1,no,no
1 - 200 DM,36,good,renovations,2384,< 100 DM,< 1 year,4,1,33,none,rent,1,unskilled,1,no,yes
unknown,12,good,car,2133,unknown,> 7 years,4,4,52,none,other,1,management,1,yes,no
< 0 DM,18,good,furniture/appliances,2039,< 100 DM,1 - 4 years,1,4,20,bank,rent,1,skilled,1,no,yes
< 0 DM,9,critical,car,2799,< 100 DM,1 - 4 years,2,2,36,none,rent,2,skilled,2,no,no
< 0 DM,12,good,furniture/appliances,1289,< 100 DM,1 - 4 years,4,1,21,none,own,1,unskilled,1,no,no
< 0 DM,18,good,furniture/appliances,1217,< 100 DM,1 - 4 years,4,3,47,none,own,1,unskilled,1,yes,yes
< 0 DM,12,critical,furniture/appliances,2246,< 100 DM,> 7 years,3,3,60,none,own,2,skilled,1,no,yes
< 0 DM,12,critical,furniture/appliances,385,< 100 DM,4 - 7 years,4,3,58,none,own,4,unskilled,1,yes,no
1 - 200 DM,24,poor,car,1965,unknown,1 - 4 years,4,4,42,none,rent,2,skilled,1,yes,no
unknown,21,good,business,1572,> 1000 DM,> 7 years,4,4,36,bank,own,1,unskilled,1,no,no
1 - 200 DM,24,good,car,2718,< 100 DM,1 - 4 years,3,4,20,none,rent,1,unskilled,1,yes,yes
< 0 DM,24,very good,car0,1358,unknown,> 7 years,4,3,40,store,own,1,management,1,yes,yes
1 - 200 DM,6,very good,car,931,100 - 500 DM,< 1 year,1,1,32,store,own,1,unskilled,1,no,yes
< 0 DM,24,good,car,1442,< 100 DM,4 - 7 years,4,4,23,none,rent,2,skilled,1,no,yes
1 - 200 DM,24,perfect,business,4241,< 100 DM,1 - 4 years,1,4,36,none,own,3,unskilled,1,yes,yes
unknown,18,critical,car,2775,< 100 DM,4 - 7 years,2,2,31,bank,own,2,skilled,1,no,yes
unknown,24,poor,business,3863,< 100 DM,1 - 4 years,1,2,32,none,other,1,skilled,1,no,no
1 - 200 DM,7,good,furniture/appliances,2329,< 100 DM,< 1 year,1,1,45,none,own,1,skilled,1,no,no
1 - 200 DM,9,good,furniture/appliances,918,< 100 DM,1 - 4 years,4,1,30,none,own,1,skilled,1,no,yes
1 - 200 DM,24,very good,education,1837,< 100 DM,4 - 7 years,4,4,34,bank,other,1,unskilled,1,no,yes
unknown,36,good,furniture/appliances,3349,< 100 DM,1 - 4 years,4,2,28,none,own,1,management,1,yes,yes
> 200 DM,10,good,furniture/appliances,1275,< 100 DM,< 1 year,4,2,23,none,own,1,skilled,1,no,no
< 0 DM,24,very good,furniture/appliances,2828,500 - 1000 DM,1 - 4 years,4,4,22,store,own,1,skilled,1,yes,no
unknown,24,critical,business,4526,< 100 DM,1 - 4 years,3,2,74,none,own,1,management,1,yes,no
1 - 200 DM,36,good,furniture/appliances,2671,100 - 500 DM,1 - 4 years,4,4,50,none,other,1,skilled,1,no,yes
unknown,18,good,furniture/appliances,2051,< 100 DM,< 1 year,4,1,33,none,own,1,skilled,1,no,no
unknown,15,good,car,1300,unknown,> 7 years,4,4,45,bank,other,1,skilled,2,no,no
< 0 DM,12,good,furniture/appliances,741,100 - 500 DM,unemployed,4,3,22,none,own,1,skilled,1,no,yes
> 200 DM,10,good,car,1240,100 - 500 DM,> 7 years,1,4,48,none,other,1,unskilled,2,no,yes
< 0 DM,21,good,furniture/appliances,3357,> 1000 DM,< 1 year,4,2,29,bank,own,1,skilled,1,no,no
< 0 DM,24,very good,car,3632,< 100 DM,1 - 4 years,1,4,22,bank,rent,1,skilled,1,no,no
unknown,18,poor,furniture/appliances,1808,< 100 DM,4 - 7 years,4,1,22,none,own,1,skilled,1,no,yes
1 - 200 DM,48,perfect,business,12204,unknown,1 - 4 years,2,2,48,bank,own,1,management,1,yes,no
1 - 200 DM,60,poor,furniture/appliances,9157,unknown,1 - 4 years,2,2,27,none,other,1,management,1,no,no
< 0 DM,6,critical,car,3676,< 100 DM,1 - 4 years,1,3,37,none,rent,3,skilled,2,no,no
1 - 200 DM,30,good,furniture/appliances,3441,100 - 500 DM,1 - 4 years,2,4,21,none,rent,1,skilled,1,no,yes
unknown,12,good,car,640,< 100 DM,1 - 4 years,4,2,49,none,own,1,unskilled,1,no,no
1 - 200 DM,21,critical,business,3652,< 100 DM,4 - 7 years,2,3,27,none,own,2,skilled,1,no,no
unknown,18,critical,car,1530,< 100 DM,1 - 4 years,3,2,32,bank,own,2,skilled,1,no,yes
unknown,48,good,business,3914,unknown,1 - 4 years,4,2,38,bank,own,1,skilled,1,no,yes
< 0 DM,12,good,furniture/appliances,1858,< 100 DM,< 1 year,4,1,22,none,rent,1,skilled,1,no,no
< 0 DM,18,good,furniture/appliances,2600,< 100 DM,1 - 4 years,4,4,65,none,other,2,skilled,1,no,yes
unknown,15,good,furniture/appliances,1979,unknown,> 7 years,4,2,35,none,own,1,skilled,1,no,no
> 200 DM,6,good,furniture/appliances,2116,< 100 DM,1 - 4 years,2,2,41,none,own,1,skilled,1,yes,no
1 - 200 DM,9,very good,car,1437,100 - 500 DM,4 - 7 years,2,3,29,none,own,1,skilled,1,no,yes
unknown,42,critical,furniture/appliances,4042,500 - 1000 DM,1 - 4 years,4,4,36,none,own,2,skilled,1,yes,no
unknown,9,good,education,3832,unknown,> 7 years,1,4,64,none,own,1,unskilled,1,no,no
< 0 DM,24,good,furniture/appliances,3660,< 100 DM,1 - 4 years,2,4,28,none,own,1,skilled,1,no,no
< 0 DM,18,very good,furniture/appliances,1553,< 100 DM,1 - 4 years,4,3,44,bank,own,1,skilled,1,no,yes
1 - 200 DM,15,good,furniture/appliances,1444,unknown,< 1 year,4,1,23,none,own,1,skilled,1,no,no
unknown,9,good,furniture/appliances,1980,< 100 DM,< 1 year,2,2,19,none,rent,2,skilled,1,no,yes
1 - 200 DM,24,good,car,1355,< 100 DM,< 1 year,3,4,25,none,own,1,unskilled,1,yes,yes
unknown,12,good,education,1393,< 100 DM,> 7 years,4,4,47,bank,own,3,skilled,2,yes,no
unknown,24,good,furniture/appliances,1376,500 - 1000 DM,4 - 7 years,4,1,28,none,own,1,skilled,1,no,no
unknown,60,poor,furniture/appliances,15653,< 100 DM,4 - 7 years,2,4,21,none,own,2,skilled,1,yes,no
unknown,12,good,furniture/appliances,1493,< 100 DM,< 1 year,4,3,34,none,own,1,skilled,2,no,no
< 0 DM,42,poor,furniture/appliances,4370,< 100 DM,4 - 7 years,3,2,26,bank,own,2,skilled,2,yes,yes
< 0 DM,18,good,education,750,< 100 DM,unemployed,4,1,27,none,own,1,unemployed,1,no,yes
1 - 200 DM,15,good,renovations,1308,< 100 DM,> 7 years,4,4,38,none,own,2,unskilled,1,no,no
unknown,15,good,education,4623,100 - 500 DM,1 - 4 years,3,2,40,none,own,1,management,1,yes,yes
unknown,24,critical,furniture/appliances,1851,< 100 DM,4 - 7 years,4,2,33,none,own,2,skilled,1,yes,no
< 0 DM,18,critical,furniture/appliances,1880,< 100 DM,4 - 7 years,4,1,32,none,own,2,management,1,yes,no
unknown,36,poor,business,7980,unknown,< 1 year,4,4,27,none,rent,2,skilled,1,yes,yes
< 0 DM,30,perfect,furniture/appliances,4583,< 100 DM,1 - 4 years,2,2,32,none,own,2,skilled,1,no,no
unknown,12,good,car,1386,500 - 1000 DM,1 - 4 years,2,2,26,none,own,1,skilled,1,no,yes
> 200 DM,24,good,car,947,< 100 DM,4 - 7 years,4,3,38,bank,other,1,skilled,2,no,yes
< 0 DM,12,good,education,684,< 100 DM,1 - 4 years,4,4,40,none,rent,1,unskilled,2,no,yes
< 0 DM,48,good,education,7476,< 100 DM,4 - 7 years,4,1,50,none,other,1,management,1,yes,no
1 - 200 DM,12,good,furniture/appliances,1922,< 100 DM,1 - 4 years,4,2,37,none,own,1,unskilled,1,no,yes
< 0 DM,24,good,car,2303,< 100 DM,> 7 years,4,1,45,none,own,1,skilled,1,no,yes
1 - 200 DM,36,poor,car,8086,100 - 500 DM,> 7 years,2,4,42,none,own,4,management,1,yes,yes
unknown,24,critical,car,2346,< 100 DM,4 - 7 years,4,3,35,none,own,2,skilled,1,yes,no
< 0 DM,14,good,car,3973,< 100 DM,unemployed,1,4,22,none,other,1,skilled,1,no,no
1 - 200 DM,12,good,car,888,< 100 DM,> 7 years,4,4,41,bank,own,1,unskilled,2,no,yes
unknown,48,good,furniture/appliances,10222,unknown,4 - 7 years,4,3,37,store,own,1,skilled,1,yes,no
1 - 200 DM,30,perfect,business,4221,< 100 DM,1 - 4 years,2,1,28,none,own,2,skilled,1,no,no
1 - 200 DM,18,critical,furniture/appliances,6361,< 100 DM,> 7 years,2,1,41,none,own,1,skilled,1,yes,no
> 200 DM,12,good,furniture/appliances,1297,< 100 DM,1 - 4 years,3,4,23,none,rent,1,skilled,1,no,no
< 0 DM,12,good,car,900,unknown,1 - 4 years,4,2,23,none,own,1,skilled,1,no,yes
unknown,21,good,furniture/appliances,2241,< 100 DM,> 7 years,4,2,50,none,own,2,skilled,1,no,no
1 - 200 DM,6,poor,furniture/appliances,1050,< 100 DM,unemployed,4,1,35,store,own,2,management,1,yes,no
> 200 DM,6,critical,education,1047,< 100 DM,1 - 4 years,2,4,50,none,own,1,unskilled,1,no,no
unknown,24,critical,car0,6314,< 100 DM,unemployed,4,2,27,bank,own,2,management,1,yes,no
1 - 200 DM,30,very good,furniture/appliances,3496,> 1000 DM,1 - 4 years,4,2,34,store,own,1,skilled,2,yes,no
unknown,48,very good,business,3609,< 100 DM,1 - 4 years,1,1,27,store,own,1,skilled,1,no,no
< 0 DM,12,critical,car,4843,< 100 DM,> 7 years,3,4,43,none,rent,2,skilled,1,yes,yes
> 200 DM,30,critical,furniture/appliances,3017,< 100 DM,> 7 years,4,4,47,none,own,1,skilled,1,no,no
unknown,24,critical,business,4139,100 - 500 DM,1 - 4 years,3,3,27,none,own,2,unskilled,1,yes,no
unknown,36,good,business,5742,100 - 500 DM,4 - 7 years,2,2,31,none,own,2,skilled,1,yes,no
unknown,60,good,car,10366,< 100 DM,> 7 years,2,4,42,none,own,1,management,1,yes,no
unknown,6,critical,car,2080,500 - 1000 DM,1 - 4 years,1,2,24,none,own,1,skilled,1,no,no
unknown,21,poor,business,2580,500 - 1000 DM,< 1 year,4,2,41,bank,own,1,unskilled,2,no,yes
unknown,30,critical,furniture/appliances,4530,< 100 DM,4 - 7 years,4,4,26,none,rent,1,management,1,yes,no
unknown,24,critical,furniture/appliances,5150,< 100 DM,> 7 years,4,4,33,none,own,1,skilled,1,yes,no
1 - 200 DM,72,good,furniture/appliances,5595,100 - 500 DM,1 - 4 years,2,2,24,none,own,1,skilled,1,no,yes
< 0 DM,24,good,furniture/appliances,2384,< 100 DM,> 7 years,4,4,64,bank,rent,1,unskilled,1,no,no
unknown,18,good,furniture/appliances,1453,< 100 DM,< 1 year,3,1,26,none,own,1,skilled,1,no,no
unknown,6,good,education,1538,< 100 DM,< 1 year,1,2,56,none,own,1,skilled,1,no,no
unknown,12,good,furniture/appliances,2279,unknown,1 - 4 years,4,4,37,none,other,1,skilled,1,yes,no
unknown,15,poor,furniture/appliances,1478,< 100 DM,1 - 4 years,4,3,33,bank,own,2,skilled,1,no,no
unknown,24,critical,furniture/appliances,5103,< 100 DM,< 1 year,3,3,47,none,other,3,skilled,1,yes,no
1 - 200 DM,36,poor,business,9857,100 - 500 DM,4 - 7 years,1,3,31,none,own,2,unskilled,2,yes,no
unknown,60,good,car,6527,unknown,1 - 4 years,4,4,34,none,other,1,skilled,2,yes,no
> 200 DM,10,critical,furniture/appliances,1347,unknown,4 - 7 years,4,2,27,none,own,2,skilled,1,yes,no
1 - 200 DM,36,poor,car,2862,100 - 500 DM,> 7 years,4,3,30,none,other,1,skilled,1,no,no
unknown,9,good,furniture/appliances,2753,100 - 500 DM,> 7 years,3,4,35,none,own,1,skilled,1,yes,no
< 0 DM,12,good,car,3651,> 1000 DM,1 - 4 years,1,3,31,none,own,1,skilled,2,no,no
< 0 DM,15,critical,furniture/appliances,975,< 100 DM,1 - 4 years,2,3,25,none,own,2,skilled,1,no,no
1 - 200 DM,15,good,renovations,2631,100 - 500 DM,1 - 4 years,3,2,25,none,own,1,unskilled,1,no,no
1 - 200 DM,24,good,furniture/appliances,2896,100 - 500 DM,< 1 year,2,1,29,none,own,1,skilled,1,no,no
< 0 DM,6,critical,car,4716,unknown,< 1 year,1,3,44,none,own,2,unskilled,2,no,no
unknown,24,good,furniture/appliances,2284,< 100 DM,4 - 7 years,4,2,28,none,own,1,skilled,1,yes,no
unknown,6,good,car,1236,500 - 1000 DM,1 - 4 years,2,4,50,none,rent,1,skilled,1,no,no
1 - 200 DM,12,good,furniture/appliances,1103,< 100 DM,4 - 7 years,4,3,29,none,own,2,skilled,1,no,no
unknown,12,critical,car,926,< 100 DM,unemployed,1,2,38,none,own,1,unemployed,1,no,no
unknown,18,critical,furniture/appliances,1800,< 100 DM,1 - 4 years,4,2,24,none,own,2,skilled,1,no,no
> 200 DM,15,good,education,1905,< 100 DM,> 7 years,4,4,40,none,rent,1,management,1,yes,no
unknown,12,good,furniture/appliances,1123,500 - 1000 DM,1 - 4 years,4,4,29,none,rent,1,unskilled,1,no,yes
< 0 DM,48,critical,car,6331,< 100 DM,> 7 years,4,4,46,none,other,2,skilled,1,yes,yes
> 200 DM,24,good,furniture/appliances,1377,100 - 500 DM,> 7 years,4,2,47,none,other,1,skilled,1,yes,no
1 - 200 DM,30,poor,business,2503,100 - 500 DM,> 7 years,4,2,41,store,own,2,skilled,1,no,no
1 - 200 DM,27,good,business,2528,< 100 DM,< 1 year,4,1,32,none,own,1,skilled,2,yes,no
unknown,15,good,car,5324,500 - 1000 DM,> 7 years,1,4,35,none,other,1,skilled,1,no,no
1 - 200 DM,48,good,car,6560,100 - 500 DM,4 - 7 years,3,2,24,none,own,1,skilled,1,no,yes
1 - 200 DM,12,perfect,furniture/appliances,2969,< 100 DM,< 1 year,4,3,25,none,rent,2,skilled,1,no,yes
1 - 200 DM,9,good,furniture/appliances,1206,< 100 DM,> 7 years,4,4,25,none,own,1,skilled,1,no,no
1 - 200 DM,9,good,furniture/appliances,2118,< 100 DM,1 - 4 years,2,2,37,none,own,1,unskilled,2,no,no
unknown,18,critical,furniture/appliances,629,500 - 1000 DM,> 7 years,4,3,32,bank,own,2,management,1,yes,no
< 0 DM,6,very good,education,1198,< 100 DM,> 7 years,4,4,35,none,other,1,skilled,1,no,yes
unknown,21,good,car,2476,unknown,> 7 years,4,4,46,none,own,1,management,1,yes,no
< 0 DM,9,critical,furniture/appliances,1138,< 100 DM,1 - 4 years,4,4,25,none,own,2,unskilled,1,no,no
1 - 200 DM,60,good,car,14027,< 100 DM,4 - 7 years,4,2,27,none,own,1,management,1,yes,yes
unknown,30,critical,car,7596,unknown,> 7 years,1,4,63,none,own,2,skilled,1,no,no
unknown,30,critical,furniture/appliances,3077,unknown,> 7 years,3,2,40,none,own,2,skilled,2,yes,no
unknown,18,good,furniture/appliances,1505,< 100 DM,1 - 4 years,4,2,32,none,other,1,management,1,yes,no
> 200 DM,24,critical,furniture/appliances,3148,unknown,1 - 4 years,3,2,31,none,own,2,skilled,1,yes,no
1 - 200 DM,20,perfect,car,6148,100 - 500 DM,> 7 years,3,4,31,bank,own,2,skilled,1,yes,no
> 200 DM,9,perfect,furniture/appliances,1337,< 100 DM,< 1 year,4,2,34,none,own,2,management,1,yes,yes
1 - 200 DM,6,very good,education,433,> 1000 DM,< 1 year,4,2,24,bank,rent,1,skilled,2,no,yes
< 0 DM,12,good,car,1228,< 100 DM,1 - 4 years,4,2,24,none,own,1,unskilled,1,no,yes
1 - 200 DM,9,good,furniture/appliances,790,500 - 1000 DM,1 - 4 years,4,3,66,none,own,1,unskilled,1,no,no
unknown,27,good,car,2570,< 100 DM,1 - 4 years,3,3,21,none,rent,1,skilled,1,no,yes
unknown,6,critical,car,250,> 1000 DM,1 - 4 years,2,2,41,bank,own,2,unskilled,1,no,no
unknown,15,critical,furniture/appliances,1316,500 - 1000 DM,1 - 4 years,2,2,47,none,own,2,unskilled,1,no,no
< 0 DM,18,good,furniture/appliances,1882,< 100 DM,1 - 4 years,4,4,25,bank,rent,2,skilled,1,no,yes
1 - 200 DM,48,very good,business,6416,< 100 DM,> 7 years,4,3,59,none,rent,1,skilled,1,no,yes
> 200 DM,24,critical,business,1275,> 1000 DM,1 - 4 years,2,4,36,none,own,2,skilled,1,yes,no
1 - 200 DM,24,poor,furniture/appliances,6403,< 100 DM,< 1 year,1,2,33,none,own,1,skilled,1,no,no
< 0 DM,24,good,furniture/appliances,1987,< 100 DM,1 - 4 years,2,4,21,none,rent,1,unskilled,2,no,yes
1 - 200 DM,8,good,furniture/appliances,760,< 100 DM,4 - 7 years,4,2,44,none,own,1,unskilled,1,no,no
unknown,24,good,car,2603,> 1000 DM,1 - 4 years,2,4,28,none,rent,1,skilled,1,yes,no
unknown,4,critical,car,3380,< 100 DM,4 - 7 years,1,1,37,none,own,1,skilled,2,no,no
1 - 200 DM,36,very good,furniture/appliances,3990,unknown,< 1 year,3,2,29,bank,own,1,unemployed,1,no,no
1 - 200 DM,24,good,car,11560,< 100 DM,1 - 4 years,1,4,23,none,rent,2,management,1,no,yes
< 0 DM,18,good,car,4380,100 - 500 DM,1 - 4 years,3,4,35,none,own,1,unskilled,2,yes,no
unknown,6,critical,car,6761,< 100 DM,4 - 7 years,1,3,45,none,own,2,management,2,yes,no
1 - 200 DM,30,perfect,business,4280,100 - 500 DM,1 - 4 years,4,4,26,none,rent,2,unskilled,1,no,yes
< 0 DM,24,very good,car,2325,100 - 500 DM,4 - 7 years,2,3,32,bank,own,1,skilled,1,no,no
1 - 200 DM,10,very good,furniture/appliances,1048,< 100 DM,1 - 4 years,4,4,23,store,own,1,unskilled,1,no,no
unknown,21,good,furniture/appliances,3160,unknown,> 7 years,4,3,41,none,own,1,skilled,1,yes,no
< 0 DM,24,very good,furniture/appliances,2483,500 - 1000 DM,1 - 4 years,4,4,22,store,own,1,skilled,1,yes,no
< 0 DM,39,critical,furniture/appliances,14179,unknown,4 - 7 years,4,4,30,none,own,2,management,1,yes,no
< 0 DM,13,critical,business,1797,< 100 DM,< 1 year,3,1,28,bank,own,2,unskilled,1,no,no
< 0 DM,15,good,car,2511,< 100 DM,unemployed,1,4,23,none,rent,1,skilled,1,no,no
< 0 DM,12,good,car,1274,< 100 DM,< 1 year,3,1,37,none,own,1,unskilled,1,no,yes
unknown,21,good,car,5248,unknown,1 - 4 years,1,3,26,none,own,1,skilled,1,no,no
unknown,15,good,car,3029,< 100 DM,4 - 7 years,2,2,33,none,own,1,skilled,1,no,no
< 0 DM,6,good,furniture/appliances,428,< 100 DM,> 7 years,2,1,49,bank,own,1,skilled,1,yes,no
< 0 DM,18,good,car,976,< 100 DM,< 1 year,1,2,23,none,own,1,unskilled,1,no,yes
1 - 200 DM,12,good,business,841,100 - 500 DM,4 - 7 years,2,4,23,none,rent,1,unskilled,1,no,no
unknown,30,critical,furniture/appliances,5771,< 100 DM,4 - 7 years,4,2,25,none,own,2,skilled,1,no,no
unknown,12,poor,renovations,1555,> 1000 DM,> 7 years,4,4,55,none,other,2,skilled,2,no,yes
< 0 DM,24,good,car,1285,unknown,4 - 7 years,4,4,32,none,rent,1,skilled,1,no,yes
> 200 DM,6,critical,car,1299,< 100 DM,1 - 4 years,1,1,74,none,own,3,unemployed,2,no,no
> 200 DM,15,critical,furniture/appliances,1271,unknown,1 - 4 years,3,4,39,none,other,2,skilled,1,yes,yes
unknown,24,good,car,1393,< 100 DM,1 - 4 years,2,2,31,none,own,1,skilled,1,yes,no
< 0 DM,12,critical,car,691,< 100 DM,> 7 years,4,3,35,none,own,2,skilled,1,no,yes
unknown,15,critical,car,5045,unknown,> 7 years,1,4,59,none,own,1,skilled,1,yes,no
< 0 DM,18,critical,furniture/appliances,2124,< 100 DM,1 - 4 years,4,4,24,none,rent,2,skilled,1,no,yes
< 0 DM,12,good,furniture/appliances,2214,< 100 DM,1 - 4 years,4,3,24,none,own,1,unskilled,1,no,no
unknown,21,critical,car,12680,unknown,> 7 years,4,4,30,none,other,1,management,1,yes,yes
unknown,24,critical,car,2463,100 - 500 DM,4 - 7 years,4,3,27,none,own,2,skilled,1,yes,no
1 - 200 DM,12,good,furniture/appliances,1155,< 100 DM,> 7 years,3,3,40,bank,own,2,unskilled,1,no,no
< 0 DM,30,good,furniture/appliances,3108,< 100 DM,< 1 year,2,4,31,none,own,1,unskilled,1,no,yes
unknown,10,good,car,2901,unknown,< 1 year,1,4,31,none,rent,1,skilled,1,no,no
1 - 200 DM,12,critical,furniture/appliances,3617,< 100 DM,> 7 years,1,4,28,none,rent,3,skilled,1,yes,no
unknown,12,critical,furniture/appliances,1655,< 100 DM,> 7 years,2,4,63,none,own,2,unskilled,1,yes,no
< 0 DM,24,good,car,2812,unknown,> 7 years,2,4,26,none,rent,1,skilled,1,no,no
< 0 DM,36,critical,education,8065,< 100 DM,1 - 4 years,3,2,25,none,own,2,management,1,yes,yes
unknown,21,critical,car,3275,< 100 DM,> 7 years,1,4,36,none,own,1,management,1,yes,no
unknown,24,critical,furniture/appliances,2223,100 - 500 DM,> 7 years,4,4,52,bank,own,2,skilled,1,no,no
> 200 DM,12,critical,car,1480,500 - 1000 DM,unemployed,2,4,66,bank,other,3,unemployed,1,no,no
< 0 DM,24,good,car,1371,unknown,1 - 4 years,4,4,25,none,rent,1,skilled,1,no,yes
unknown,36,critical,car,3535,< 100 DM,4 - 7 years,4,4,37,none,own,2,skilled,1,yes,no
< 0 DM,18,good,furniture/appliances,3509,< 100 DM,4 - 7 years,4,1,25,none,own,1,skilled,1,no,no
unknown,36,critical,car,5711,> 1000 DM,> 7 years,4,2,38,none,own,2,management,1,yes,no
1 - 200 DM,18,good,renovations,3872,< 100 DM,unemployed,2,4,67,none,own,1,skilled,1,yes,no
1 - 200 DM,39,critical,furniture/appliances,4933,< 100 DM,4 - 7 years,2,2,25,none,own,2,skilled,1,no,yes
unknown,24,critical,car,1940,> 1000 DM,> 7 years,4,4,60,none,own,1,skilled,1,yes,no
1 - 200 DM,12,perfect,education,1410,< 100 DM,1 - 4 years,2,2,31,none,own,1,unskilled,1,yes,no
1 - 200 DM,12,good,car,836,100 - 500 DM,< 1 year,4,2,23,bank,own,1,unskilled,1,no,yes
1 - 200 DM,20,good,car,6468,unknown,unemployed,1,4,60,none,own,1,management,1,yes,no
1 - 200 DM,18,good,business,1941,> 1000 DM,1 - 4 years,4,2,35,none,own,1,unskilled,1,yes,no
unknown,22,good,furniture/appliances,2675,500 - 1000 DM,> 7 years,3,4,40,none,own,1,skilled,1,no,no
unknown,48,critical,car,2751,unknown,> 7 years,4,3,38,none,own,2,skilled,2,yes,no
1 - 200 DM,48,poor,education,6224,< 100 DM,> 7 years,4,4,50,none,other,1,skilled,1,no,yes
< 0 DM,40,critical,education,5998,< 100 DM,1 - 4 years,4,3,27,bank,own,1,skilled,1,yes,yes
1 - 200 DM,21,good,business,1188,< 100 DM,> 7 years,2,4,39,none,own,1,skilled,2,no,yes
unknown,24,good,car,6313,unknown,> 7 years,3,4,41,none,own,1,management,2,yes,no
unknown,6,critical,furniture/appliances,1221,unknown,1 - 4 years,1,2,27,none,own,2,skilled,1,no,no
> 200 DM,24,good,furniture/appliances,2892,< 100 DM,> 7 years,3,4,51,none,other,1,skilled,1,no,no
unknown,24,good,furniture/appliances,3062,500 - 1000 DM,> 7 years,4,3,32,none,rent,1,skilled,1,yes,no
unknown,9,good,furniture/appliances,2301,100 - 500 DM,< 1 year,2,4,22,none,rent,1,skilled,1,no,no
< 0 DM,18,good,car,7511,unknown,> 7 years,1,4,51,none,other,1,skilled,2,yes,yes
unknown,12,critical,furniture/appliances,1258,< 100 DM,< 1 year,2,4,22,none,rent,2,unskilled,1,no,no
unknown,24,poor,car,717,unknown,> 7 years,4,4,54,none,own,2,skilled,1,yes,no
1 - 200 DM,9,good,car,1549,unknown,< 1 year,4,2,35,none,own,1,unemployed,1,no,no
unknown,24,critical,education,1597,< 100 DM,> 7 years,4,4,54,none,other,2,skilled,2,no,no
1 - 200 DM,18,critical,furniture/appliances,1795,< 100 DM,> 7 years,3,4,48,bank,rent,2,unskilled,1,yes,no
< 0 DM,20,critical,furniture/appliances,4272,< 100 DM,> 7 years,1,4,24,none,own,2,skilled,1,no,no
unknown,12,critical,furniture/appliances,976,unknown,> 7 years,4,4,35,none,own,2,skilled,1,no,no
1 - 200 DM,12,good,car,7472,unknown,unemployed,1,2,24,none,rent,1,unemployed,1,no,no
< 0 DM,36,good,car,9271,< 100 DM,4 - 7 years,2,1,24,none,own,1,skilled,1,yes,yes
1 - 200 DM,6,good,furniture/appliances,590,< 100 DM,< 1 year,3,3,26,none,own,1,unskilled,1,no,no
unknown,12,critical,furniture/appliances,930,unknown,> 7 years,4,4,65,none,own,4,skilled,1,no,no
1 - 200 DM,42,very good,car,9283,< 100 DM,unemployed,1,2,55,bank,other,1,management,1,yes,no
1 - 200 DM,15,perfect,car,1778,< 100 DM,< 1 year,2,1,26,none,rent,2,unemployed,1,no,yes
1 - 200 DM,8,good,business,907,< 100 DM,< 1 year,3,2,26,none,own,1,skilled,1,yes,no
1 - 200 DM,6,good,furniture/appliances,484,< 100 DM,4 - 7 years,3,3,28,bank,own,1,unskilled,1,no,no
< 0 DM,36,critical,car,9629,< 100 DM,4 - 7 years,4,4,24,none,own,2,skilled,1,yes,yes
< 0 DM,48,good,furniture/appliances,3051,< 100 DM,1 - 4 years,3,4,54,none,own,1,skilled,1,no,yes
< 0 DM,48,good,car,3931,< 100 DM,4 - 7 years,4,4,46,none,other,1,skilled,2,no,yes
1 - 200 DM,36,poor,car,7432,< 100 DM,1 - 4 years,2,2,54,none,rent,1,skilled,1,no,no
unknown,6,good,furniture/appliances,1338,500 - 1000 DM,1 - 4 years,1,4,62,none,own,1,skilled,1,no,no
unknown,6,critical,furniture/appliances,1554,< 100 DM,4 - 7 years,1,2,24,none,rent,2,skilled,1,yes,no
< 0 DM,36,good,car0,15857,< 100 DM,unemployed,2,3,43,none,own,1,management,1,no,no
< 0 DM,18,good,furniture/appliances,1345,< 100 DM,1 - 4 years,4,3,26,bank,own,1,skilled,1,no,yes
unknown,12,good,car,1101,< 100 DM,1 - 4 years,3,2,27,none,own,2,skilled,1,yes,no
> 200 DM,12,good,furniture/appliances,3016,< 100 DM,1 - 4 years,3,1,24,none,own,1,skilled,1,no,no
< 0 DM,36,good,furniture/appliances,2712,< 100 DM,> 7 years,2,2,41,bank,own,1,skilled,2,no,yes
< 0 DM,8,critical,car,731,< 100 DM,> 7 years,4,4,47,none,own,2,unskilled,1,no,no
unknown,18,critical,furniture/appliances,3780,< 100 DM,< 1 year,3,2,35,none,own,2,management,1,yes,no
< 0 DM,21,critical,car,1602,< 100 DM,> 7 years,4,3,30,none,own,2,skilled,1,yes,no
< 0 DM,18,critical,car,3966,< 100 DM,> 7 years,1,4,33,bank,rent,3,skilled,1,yes,yes
unknown,18,perfect,business,4165,< 100 DM,1 - 4 years,2,2,36,store,own,2,skilled,2,no,yes
< 0 DM,36,good,car,8335,unknown,> 7 years,3,4,47,none,other,1,skilled,1,no,yes
1 - 200 DM,48,poor,business,6681,unknown,1 - 4 years,4,4,38,none,other,1,skilled,2,yes,no
unknown,24,poor,business,2375,500 - 1000 DM,1 - 4 years,4,2,44,none,own,2,skilled,2,yes,no
< 0 DM,18,good,car,1216,< 100 DM,< 1 year,4,3,23,none,rent,1,skilled,1,yes,yes
< 0 DM,45,perfect,business,11816,< 100 DM,> 7 years,2,4,29,none,rent,2,skilled,1,no,yes
1 - 200 DM,24,good,furniture/appliances,5084,unknown,> 7 years,2,4,42,none,own,1,skilled,1,yes,no
> 200 DM,15,good,furniture/appliances,2327,< 100 DM,< 1 year,2,3,25,none,own,1,unskilled,1,no,yes
< 0 DM,12,perfect,car,1082,< 100 DM,1 - 4 years,4,4,48,bank,own,2,skilled,1,no,yes
unknown,12,good,furniture/appliances,886,unknown,1 - 4 years,4,2,21,none,own,1,skilled,1,no,no
unknown,4,good,furniture/appliances,601,< 100 DM,< 1 year,1,3,23,none,rent,1,unskilled,2,no,no
< 0 DM,24,critical,car,2957,< 100 DM,> 7 years,4,4,63,none,own,2,skilled,1,yes,no
unknown,24,critical,furniture/appliances,2611,< 100 DM,> 7 years,4,3,46,none,own,2,skilled,1,no,no
< 0 DM,36,good,furniture/appliances,5179,< 100 DM,4 - 7 years,4,2,29,none,own,1,skilled,1,no,yes
unknown,21,poor,car,2993,< 100 DM,1 - 4 years,3,2,28,store,own,2,unskilled,1,no,no
unknown,18,good,renovations,1943,< 100 DM,< 1 year,4,4,23,none,own,1,skilled,1,no,yes
unknown,24,very good,business,1559,< 100 DM,4 - 7 years,4,4,50,bank,own,1,skilled,1,yes,no
unknown,18,good,furniture/appliances,3422,< 100 DM,> 7 years,4,4,47,bank,own,3,skilled,2,yes,no
1 - 200 DM,21,good,furniture/appliances,3976,unknown,4 - 7 years,2,3,35,none,own,1,skilled,1,yes,no
unknown,18,good,car,6761,unknown,1 - 4 years,2,4,68,none,rent,2,skilled,1,no,yes
unknown,24,good,car,1249,< 100 DM,< 1 year,4,2,28,none,own,1,skilled,1,no,no
< 0 DM,9,good,furniture/appliances,1364,< 100 DM,4 - 7 years,3,4,59,none,own,1,skilled,1,no,no
< 0 DM,12,good,furniture/appliances,709,< 100 DM,> 7 years,4,4,57,store,own,1,unskilled,1,no,yes
< 0 DM,20,critical,car,2235,< 100 DM,1 - 4 years,4,2,33,bank,rent,2,skilled,1,no,yes
unknown,24,critical,car,4042,unknown,4 - 7 years,3,4,43,none,own,2,skilled,1,yes,no
unknown,15,critical,furniture/appliances,1471,< 100 DM,1 - 4 years,4,4,35,none,other,2,skilled,1,yes,no
< 0 DM,18,very good,car,1442,< 100 DM,4 - 7 years,4,4,32,none,other,2,unskilled,2,no,yes
unknown,36,poor,car,10875,< 100 DM,> 7 years,2,2,45,none,own,2,skilled,2,yes,no
unknown,24,good,car,1474,100 - 500 DM,< 1 year,4,3,33,none,own,1,skilled,1,yes,no
unknown,10,good,education,894,unknown,4 - 7 years,4,3,40,none,own,1,skilled,1,yes,no
unknown,15,critical,furniture/appliances,3343,< 100 DM,1 - 4 years,4,2,28,none,other,1,skilled,1,yes,no
< 0 DM,15,good,car,3959,< 100 DM,1 - 4 years,3,2,29,none,own,1,skilled,1,yes,yes
unknown,9,good,car,3577,100 - 500 DM,1 - 4 years,1,2,26,none,rent,1,skilled,2,no,no
unknown,24,critical,car,5804,> 1000 DM,1 - 4 years,4,2,27,none,own,2,skilled,1,no,no
unknown,18,poor,business,2169,< 100 DM,1 - 4 years,4,2,28,none,own,1,skilled,1,yes,yes
< 0 DM,24,good,furniture/appliances,2439,< 100 DM,< 1 year,4,4,35,none,own,1,skilled,1,yes,yes
unknown,27,critical,furniture/appliances,4526,> 1000 DM,< 1 year,4,2,32,store,own,2,unskilled,2,yes,no
unknown,10,good,furniture/appliances,2210,< 100 DM,1 - 4 years,2,2,25,bank,rent,1,unskilled,1,no,yes
unknown,15,good,furniture/appliances,2221,500 - 1000 DM,1 - 4 years,2,4,20,none,rent,1,skilled,1,no,no
< 0 DM,18,good,furniture/appliances,2389,< 100 DM,< 1 year,4,1,27,store,own,1,skilled,1,no,no
unknown,12,critical,furniture/appliances,3331,< 100 DM,> 7 years,2,4,42,store,own,1,skilled,1,no,no
unknown,36,good,business,7409,unknown,> 7 years,3,2,37,none,own,2,skilled,1,no,no
< 0 DM,12,good,furniture/appliances,652,< 100 DM,> 7 years,4,4,24,none,rent,1,skilled,1,no,no
unknown,36,poor,furniture/appliances,7678,500 - 1000 DM,4 - 7 years,2,4,40,none,own,2,skilled,1,yes,no
> 200 DM,6,critical,car,1343,< 100 DM,> 7 years,1,4,46,none,own,2,skilled,2,no,no
< 0 DM,24,critical,business,1382,100 - 500 DM,4 - 7 years,4,1,26,none,own,2,skilled,1,yes,no
unknown,15,good,furniture/appliances,874,unknown,< 1 year,4,1,24,none,own,1,skilled,1,no,no
< 0 DM,12,good,furniture/appliances,3590,< 100 DM,1 - 4 years,2,2,29,none,own,1,unskilled,2,no,no
1 - 200 DM,11,critical,car,1322,> 1000 DM,1 - 4 years,4,4,40,none,own,2,skilled,1,no,no
< 0 DM,18,very good,furniture/appliances,1940,< 100 DM,< 1 year,3,4,36,bank,other,1,management,1,yes,no
unknown,36,good,furniture/appliances,3595,< 100 DM,> 7 years,4,2,28,none,own,1,skilled,1,no,no
< 0 DM,9,good,car,1422,< 100 DM,< 1 year,3,2,27,none,other,1,management,1,yes,yes
unknown,30,critical,furniture/appliances,6742,unknown,4 - 7 years,2,3,36,none,own,2,skilled,1,no,no
unknown,24,good,car,7814,< 100 DM,4 - 7 years,3,3,38,none,own,1,management,1,yes,no
unknown,24,good,car,9277,unknown,1 - 4 years,2,4,48,none,other,1,skilled,1,yes,no
1 - 200 DM,30,critical,car,2181,unknown,> 7 years,4,4,36,none,own,2,skilled,1,no,no
unknown,18,critical,furniture/appliances,1098,< 100 DM,unemployed,4,4,65,none,own,2,unemployed,1,no,no
1 - 200 DM,24,good,furniture/appliances,4057,< 100 DM,4 - 7 years,3,3,43,none,own,1,skilled,1,yes,yes
< 0 DM,12,good,education,795,< 100 DM,< 1 year,4,4,53,none,own,1,skilled,1,no,yes
1 - 200 DM,24,critical,business,2825,unknown,4 - 7 years,4,3,34,none,own,2,skilled,2,yes,no
1 - 200 DM,48,good,business,15672,< 100 DM,1 - 4 years,2,2,23,none,own,1,skilled,1,yes,yes
unknown,36,critical,car,6614,< 100 DM,> 7 years,4,4,34,none,own,2,management,1,yes,no
unknown,28,very good,car,7824,unknown,< 1 year,3,4,40,bank,rent,2,skilled,2,yes,no
< 0 DM,27,critical,business,2442,< 100 DM,> 7 years,4,4,43,store,own,4,management,2,yes,no
unknown,15,critical,furniture/appliances,1829,< 100 DM,> 7 years,4,4,46,none,own,2,skilled,1,yes,no
< 0 DM,12,critical,car,2171,< 100 DM,1 - 4 years,4,4,38,bank,own,2,unskilled,1,no,no
1 - 200 DM,36,critical,car,5800,< 100 DM,1 - 4 years,3,4,34,none,own,2,skilled,1,yes,no
unknown,18,critical,furniture/appliances,1169,unknown,1 - 4 years,4,3,29,none,own,2,skilled,1,yes,no
unknown,36,poor,car,8947,unknown,4 - 7 years,3,2,31,store,own,1,management,2,yes,no
< 0 DM,21,good,furniture/appliances,2606,< 100 DM,< 1 year,4,4,28,none,rent,1,management,1,yes,no
unknown,12,critical,furniture/appliances,1592,> 1000 DM,4 - 7 years,3,2,35,none,own,1,skilled,1,no,no
unknown,15,good,furniture/appliances,2186,unknown,4 - 7 years,1,4,33,bank,rent,1,unskilled,1,no,no
< 0 DM,18,good,furniture/appliances,4153,< 100 DM,1 - 4 years,2,3,42,none,own,1,skilled,1,no,yes
< 0 DM,16,critical,car,2625,< 100 DM,> 7 years,2,4,43,bank,rent,1,skilled,1,yes,yes
unknown,20,critical,car,3485,unknown,< 1 year,2,4,44,none,own,2,skilled,1,yes,no
unknown,36,critical,car,10477,unknown,> 7 years,2,4,42,none,other,2,skilled,1,no,no
unknown,15,good,furniture/appliances,1386,unknown,1 - 4 years,4,2,40,none,rent,1,skilled,1,yes,no
unknown,24,good,furniture/appliances,1278,< 100 DM,> 7 years,4,1,36,none,own,1,management,1,yes,no
< 0 DM,12,good,furniture/appliances,1107,< 100 DM,1 - 4 years,2,2,20,none,rent,1,management,2,yes,no
< 0 DM,21,good,car,3763,unknown,4 - 7 years,2,2,24,none,own,1,unskilled,1,no,no
1 - 200 DM,36,good,education,3711,unknown,1 - 4 years,2,2,27,none,own,1,skilled,1,no,no
unknown,15,poor,car,3594,< 100 DM,< 1 year,1,2,46,none,own,2,unskilled,1,no,no
1 - 200 DM,9,good,car,3195,unknown,1 - 4 years,1,2,33,none,own,1,unskilled,1,no,no
unknown,36,poor,furniture/appliances,4454,< 100 DM,1 - 4 years,4,4,34,none,own,2,skilled,1,no,no
1 - 200 DM,24,critical,furniture/appliances,4736,< 100 DM,< 1 year,2,4,25,bank,own,1,unskilled,1,no,yes
1 - 200 DM,30,good,furniture/appliances,2991,unknown,> 7 years,2,4,25,none,own,1,skilled,1,no,no
unknown,11,good,business,2142,> 1000 DM,> 7 years,1,2,28,none,own,1,skilled,1,yes,no
< 0 DM,24,very good,business,3161,< 100 DM,1 - 4 years,4,2,31,none,rent,1,skilled,1,yes,yes
1 - 200 DM,48,perfect,car0,18424,< 100 DM,1 - 4 years,1,2,32,bank,own,1,management,1,yes,yes
unknown,10,good,car,2848,100 - 500 DM,1 - 4 years,1,2,32,none,own,1,skilled,2,no,no
< 0 DM,6,good,car,14896,< 100 DM,> 7 years,1,4,68,bank,own,1,management,1,yes,yes
< 0 DM,24,good,furniture/appliances,2359,100 - 500 DM,unemployed,1,1,33,none,own,1,skilled,1,no,yes
< 0 DM,24,good,furniture/appliances,3345,< 100 DM,> 7 years,4,2,39,none,rent,1,management,1,yes,yes
unknown,18,critical,furniture/appliances,1817,< 100 DM,1 - 4 years,4,2,28,none,own,2,skilled,1,no,no
unknown,48,poor,furniture/appliances,12749,500 - 1000 DM,4 - 7 years,4,1,37,none,own,1,management,1,yes,no
< 0 DM,9,good,furniture/appliances,1366,< 100 DM,< 1 year,3,4,22,none,rent,1,skilled,1,no,yes
1 - 200 DM,12,good,car,2002,< 100 DM,4 - 7 years,3,4,30,none,rent,1,skilled,2,yes,no
< 0 DM,24,very good,furniture/appliances,6872,< 100 DM,< 1 year,2,1,55,bank,own,1,skilled,1,yes,yes
< 0 DM,12,very good,car,697,< 100 DM,< 1 year,4,2,46,bank,own,2,skilled,1,yes,yes
< 0 DM,18,critical,furniture/appliances,1049,< 100 DM,< 1 year,4,4,21,none,rent,1,skilled,1,no,no
< 0 DM,48,good,car,10297,< 100 DM,4 - 7 years,4,4,39,store,other,3,skilled,2,yes,yes
unknown,30,good,furniture/appliances,1867,unknown,> 7 years,4,4,58,none,own,1,skilled,1,yes,no
< 0 DM,12,poor,car,1344,< 100 DM,1 - 4 years,4,2,43,none,own,2,unskilled,2,no,no
< 0 DM,24,good,furniture/appliances,1747,< 100 DM,< 1 year,4,1,24,none,own,1,unskilled,1,no,no
1 - 200 DM,9,good,furniture/appliances,1670,< 100 DM,< 1 year,4,2,22,none,own,1,skilled,1,yes,yes
unknown,9,critical,car,1224,< 100 DM,1 - 4 years,3,1,30,none,own,2,skilled,1,no,no
unknown,12,critical,furniture/appliances,522,500 - 1000 DM,> 7 years,4,4,42,none,own,2,skilled,2,yes,no
< 0 DM,12,good,furniture/appliances,1498,< 100 DM,1 - 4 years,4,1,23,bank,own,1,skilled,1,no,no
1 - 200 DM,30,poor,furniture/appliances,1919,100 - 500 DM,< 1 year,4,3,30,store,own,2,management,1,no,yes
> 200 DM,9,good,furniture/appliances,745,< 100 DM,1 - 4 years,3,2,28,none,own,1,unskilled,1,no,yes
1 - 200 DM,6,good,furniture/appliances,2063,< 100 DM,< 1 year,4,3,30,none,rent,1,management,1,yes,no
1 - 200 DM,60,good,education,6288,< 100 DM,1 - 4 years,4,4,42,none,other,1,skilled,1,no,yes
unknown,24,critical,car,6842,unknown,1 - 4 years,2,4,46,none,own,2,management,2,yes,no
unknown,12,good,car,3527,unknown,< 1 year,2,3,45,none,own,1,management,2,yes,no
unknown,10,good,car,1546,< 100 DM,1 - 4 years,3,2,31,none,own,1,unskilled,2,no,no
unknown,24,good,furniture/appliances,929,unknown,4 - 7 years,4,2,31,store,own,1,skilled,1,yes,no
unknown,4,critical,car,1455,< 100 DM,4 - 7 years,2,1,42,none,own,3,unskilled,2,no,no
< 0 DM,15,good,furniture/appliances,1845,< 100 DM,< 1 year,4,1,46,none,rent,1,skilled,1,no,no
1 - 200 DM,48,perfect,car,8358,500 - 1000 DM,< 1 year,1,1,30,none,own,2,skilled,1,no,no
< 0 DM,24,very good,furniture/appliances,3349,500 - 1000 DM,< 1 year,4,4,30,none,other,1,skilled,2,yes,yes
unknown,12,good,car,2859,unknown,unemployed,4,4,38,none,own,1,management,1,yes,no
unknown,18,good,furniture/appliances,1533,< 100 DM,< 1 year,4,1,43,none,own,1,unskilled,2,no,yes
unknown,24,good,furniture/appliances,3621,100 - 500 DM,> 7 years,2,4,31,none,own,2,skilled,1,no,yes
1 - 200 DM,18,critical,business,3590,< 100 DM,unemployed,3,3,40,none,own,3,unemployed,2,yes,no
< 0 DM,36,poor,business,2145,< 100 DM,4 - 7 years,2,1,24,none,own,2,skilled,1,yes,yes
1 - 200 DM,24,good,car,4113,500 - 1000 DM,< 1 year,3,4,28,none,rent,1,skilled,1,no,yes
unknown,36,good,furniture/appliances,10974,< 100 DM,unemployed,4,2,26,none,own,2,management,1,yes,yes
< 0 DM,12,good,car,1893,< 100 DM,1 - 4 years,4,4,29,none,own,1,skilled,1,yes,no
< 0 DM,24,critical,furniture/appliances,1231,> 1000 DM,> 7 years,4,4,57,none,rent,2,management,1,yes,no
> 200 DM,30,critical,furniture/appliances,3656,unknown,> 7 years,4,4,49,store,own,2,unskilled,1,no,no
1 - 200 DM,9,critical,furniture/appliances,1154,< 100 DM,> 7 years,2,4,37,none,own,3,unskilled,1,no,no
< 0 DM,28,good,car,4006,< 100 DM,1 - 4 years,3,2,45,none,own,1,unskilled,1,no,yes
1 - 200 DM,24,good,furniture/appliances,3069,100 - 500 DM,> 7 years,4,4,30,none,other,1,skilled,1,no,no
unknown,6,critical,furniture/appliances,1740,< 100 DM,> 7 years,2,2,30,none,rent,2,skilled,1,no,no
1 - 200 DM,21,poor,car,2353,< 100 DM,1 - 4 years,1,4,47,none,own,2,skilled,1,no,no
unknown,15,good,car,3556,unknown,1 - 4 years,3,2,29,none,own,1,skilled,1,no,no
unknown,24,good,furniture/appliances,2397,500 - 1000 DM,> 7 years,3,2,35,bank,own,2,skilled,1,yes,yes
1 - 200 DM,6,good,renovations,454,< 100 DM,< 1 year,3,1,22,none,own,1,unskilled,1,no,no
1 - 200 DM,30,good,furniture/appliances,1715,unknown,1 - 4 years,4,1,26,none,own,1,skilled,1,no,no
1 - 200 DM,27,critical,furniture/appliances,2520,500 - 1000 DM,1 - 4 years,4,2,23,none,own,2,unskilled,1,no,yes
unknown,15,good,furniture/appliances,3568,< 100 DM,> 7 years,4,2,54,bank,rent,1,management,1,yes,no
unknown,42,good,furniture/appliances,7166,unknown,4 - 7 years,2,4,29,none,rent,1,skilled,1,yes,no
< 0 DM,11,critical,car,3939,< 100 DM,1 - 4 years,1,2,40,none,own,2,unskilled,2,no,no
1 - 200 DM,15,good,renovations,1514,100 - 500 DM,1 - 4 years,4,2,22,none,own,1,skilled,1,no,no
unknown,24,good,car,7393,< 100 DM,1 - 4 years,1,4,43,none,own,1,unskilled,2,no,no
< 0 DM,24,very good,car,1193,< 100 DM,unemployed,1,4,29,none,rent,2,unemployed,1,no,yes
< 0 DM,60,good,business,7297,< 100 DM,> 7 years,4,4,36,none,rent,1,skilled,1,no,yes
unknown,30,critical,furniture/appliances,2831,< 100 DM,1 - 4 years,4,2,33,none,own,1,skilled,1,yes,no
> 200 DM,24,good,furniture/appliances,1258,500 - 1000 DM,1 - 4 years,3,3,57,none,own,1,unskilled,1,no,no
1 - 200 DM,6,good,furniture/appliances,753,< 100 DM,1 - 4 years,2,3,64,none,own,1,skilled,1,no,no
1 - 200 DM,18,poor,business,2427,unknown,> 7 years,4,2,42,none,own,2,skilled,1,no,no
unknown,24,poor,car,2538,< 100 DM,> 7 years,4,4,47,none,own,2,unskilled,2,no,yes
1 - 200 DM,15,very good,car,1264,100 - 500 DM,1 - 4 years,2,2,25,none,rent,1,skilled,1,no,yes
1 - 200 DM,30,critical,furniture/appliances,8386,< 100 DM,4 - 7 years,2,2,49,none,own,1,skilled,1,no,yes
unknown,48,good,business,4844,< 100 DM,unemployed,3,2,33,bank,rent,1,management,1,yes,yes
> 200 DM,21,good,car,2923,100 - 500 DM,1 - 4 years,1,1,28,bank,own,1,management,1,yes,no
< 0 DM,36,good,car,8229,< 100 DM,1 - 4 years,2,2,26,none,own,1,skilled,2,no,yes
unknown,24,critical,furniture/appliances,2028,< 100 DM,4 - 7 years,2,2,30,none,own,2,unskilled,1,no,no
< 0 DM,15,critical,furniture/appliances,1433,< 100 DM,1 - 4 years,4,3,25,none,rent,2,skilled,1,no,no
> 200 DM,42,perfect,business,6289,< 100 DM,< 1 year,2,1,33,none,own,2,skilled,1,no,no
unknown,13,good,furniture/appliances,1409,100 - 500 DM,unemployed,2,4,64,none,own,1,skilled,1,no,no
< 0 DM,24,good,car,6579,< 100 DM,unemployed,4,2,29,none,other,1,management,1,yes,no
1 - 200 DM,24,critical,furniture/appliances,1743,< 100 DM,> 7 years,4,2,48,none,own,2,unskilled,1,no,no
unknown,12,critical,education,3565,unknown,< 1 year,2,1,37,none,own,2,unskilled,2,no,no
unknown,15,very good,furniture/appliances,1569,100 - 500 DM,> 7 years,4,4,34,bank,own,1,unskilled,2,no,no
< 0 DM,18,good,furniture/appliances,1936,unknown,4 - 7 years,2,4,23,none,rent,2,unskilled,1,no,no
< 0 DM,36,good,furniture/appliances,3959,< 100 DM,unemployed,4,3,30,none,own,1,management,1,yes,no
unknown,12,good,car,2390,unknown,> 7 years,4,3,50,none,own,1,skilled,1,yes,no
unknown,12,good,furniture/appliances,1736,< 100 DM,4 - 7 years,3,4,31,none,own,1,unskilled,1,no,no
< 0 DM,30,good,car,3857,< 100 DM,1 - 4 years,4,4,40,none,own,1,management,1,yes,no
unknown,12,good,furniture/appliances,804,< 100 DM,> 7 years,4,4,38,none,own,1,skilled,1,no,no
< 0 DM,45,good,furniture/appliances,1845,< 100 DM,1 - 4 years,4,4,23,none,other,1,skilled,1,yes,yes
1 - 200 DM,45,critical,car,4576,100 - 500 DM,unemployed,3,4,27,none,own,1,skilled,1,no,no
